legend_row,field_value,red,green,blue
6,0.04087587006960556,202.0,223.0,95.0
7,0.040864269141531316,202.0,223.0,95.0
8,0.04085266821345707,201.0,223.0,95.0
9,0.04084106728538282,242.0,247.0,215.0
10,0.04082946635730858,255.0,255.0,255.0
11,0.04081786542923433,215.0,231.0,135.0
12,0.04080626450116009,201.0,223.0,95.0
13,0.04079466357308584,201.0,223.0,95.0
14,0.040783062645011595,201.0,223.0,95.0
15,0.04077146171693735,201.0,223.0,95.0
16,0.0407598607888631,201.0,223.0,95.0
17,0.04074825986078886,201.0,223.0,95.0
18,0.04073665893271461,201.0,223.0,95.0
19,0.040725058004640366,201.0,223.0,95.0
20,0.040713457076566116,201.0,223.0,95.0
21,0.04070185614849187,200.0,223.0,95.0
22,0.04069025522041763,200.0,223.0,95.0
23,0.04067865429234338,200.0,223.0,95.0
24,0.04066705336426914,200.0,223.0,95.0
25,0.04065545243619489,200.0,223.0,95.0
26,0.040643851508120644,200.0,223.0,95.0
27,0.040632250580046395,200.0,223.0,95.0
28,0.04062064965197215,200.0,223.0,95.0
29,0.04060904872389791,200.0,223.0,95.0
30,0.04059744779582366,200.0,223.0,95.0
31,0.040585846867749416,200.0,223.0,95.0
32,0.040574245939675166,200.0,223.0,95.0
33,0.04056264501160092,200.0,223.0,95.0
34,0.04055104408352667,200.0,223.0,96.0
35,0.04053944315545243,199.0,223.0,96.0
36,0.04052784222737819,199.0,223.0,96.0
37,0.04051624129930394,199.0,223.0,96.0
38,0.040504640371229694,199.0,223.0,96.0
39,0.040493039443155444,199.0,223.0,96.0
40,0.0404814385150812,199.0,223.0,96.0
41,0.04046983758700695,199.0,222.0,96.0
42,0.04045823665893271,199.0,222.0,96.0
43,0.040446635730858466,199.0,222.0,96.0
44,0.040435034802784216,199.0,222.0,96.0
45,0.04042343387470997,199.0,222.0,96.0
46,0.04041183294663572,199.0,222.0,96.0
47,0.04040023201856148,199.0,222.0,96.0
48,0.04038863109048723,199.0,222.0,96.0
49,0.04037703016241299,198.0,222.0,96.0
50,0.040365429234338744,198.0,222.0,96.0
51,0.040353828306264494,198.0,222.0,96.0
52,0.04034222737819025,198.0,222.0,96.0
53,0.040330626450116,198.0,222.0,96.0
54,0.04031902552204176,198.0,222.0,96.0
55,0.04030742459396751,198.0,222.0,96.0
56,0.040295823665893266,198.0,222.0,96.0
57,0.04028422273781902,198.0,222.0,96.0
58,0.04027262180974477,198.0,222.0,96.0
59,0.04026102088167053,198.0,222.0,96.0
60,0.04024941995359628,198.0,222.0,96.0
61,0.04023781902552204,198.0,222.0,96.0
62,0.04022621809744779,198.0,222.0,96.0
63,0.040214617169373544,197.0,222.0,96.0
64,0.040203016241299294,197.0,222.0,96.0
65,0.04019141531322505,197.0,222.0,96.0
66,0.04017981438515081,197.0,222.0,96.0
67,0.04016821345707656,197.0,222.0,96.0
68,0.040156612529002315,197.0,222.0,96.0
69,0.040145011600928066,197.0,222.0,96.0
70,0.04013341067285382,197.0,222.0,96.0
71,0.04012180974477958,197.0,222.0,96.0
72,0.04011020881670533,197.0,222.0,96.0
73,0.04009860788863109,197.0,222.0,96.0
74,0.04008700696055684,197.0,222.0,96.0
75,0.040075406032482594,197.0,222.0,96.0
76,0.040063805104408344,196.0,222.0,96.0
77,0.0400522041763341,196.0,222.0,96.0
78,0.04004060324825985,196.0,222.0,96.0
79,0.04002900232018561,196.0,222.0,96.0
80,0.040017401392111365,196.0,222.0,96.0
81,0.040005800464037115,196.0,222.0,96.0
82,0.03999419953596287,196.0,222.0,96.0
83,0.03998259860788862,196.0,222.0,96.0
84,0.03997099767981438,196.0,222.0,96.0
85,0.03995939675174013,196.0,222.0,96.0
86,0.03994779582366589,196.0,222.0,96.0
87,0.039936194895591644,196.0,222.0,96.0
88,0.039924593967517394,196.0,222.0,96.0
89,0.03991299303944315,196.0,222.0,96.0
90,0.0399013921113689,195.0,222.0,96.0
91,0.03988979118329466,195.0,222.0,96.0
92,0.03987819025522041,195.0,222.0,96.0
93,0.039866589327146165,195.0,222.0,96.0
94,0.03985498839907192,195.0,222.0,96.0
95,0.03984338747099767,195.0,222.0,96.0
96,0.03983178654292343,195.0,222.0,96.0
97,0.03982018561484918,195.0,222.0,96.0
98,0.03980858468677494,195.0,222.0,96.0
99,0.03979698375870069,195.0,222.0,96.0
100,0.039785382830626444,195.0,222.0,96.0
101,0.0397737819025522,195.0,222.0,96.0
102,0.03976218097447795,195.0,222.0,96.0
103,0.03975058004640371,195.0,222.0,96.0
104,0.03973897911832946,194.0,222.0,96.0
105,0.039727378190255215,194.0,222.0,96.0
106,0.039715777262180965,194.0,222.0,96.0
107,0.03970417633410672,194.0,222.0,96.0
108,0.03969257540603248,194.0,222.0,96.0
109,0.03968097447795823,194.0,222.0,97.0
110,0.039669373549883986,194.0,222.0,97.0
111,0.039657772621809737,194.0,222.0,97.0
112,0.039646171693735494,194.0,222.0,97.0
113,0.039634570765661244,194.0,222.0,97.0
114,0.039622969837587,194.0,222.0,97.0
115,0.03961136890951276,194.0,221.0,97.0
116,0.03959976798143851,194.0,221.0,97.0
117,0.039588167053364265,193.0,221.0,97.0
118,0.039576566125290015,193.0,221.0,97.0
119,0.03956496519721577,193.0,221.0,97.0
120,0.03955336426914152,193.0,221.0,97.0
121,0.03954176334106728,193.0,221.0,97.0
122,0.039530162412993036,193.0,221.0,97.0
123,0.039518561484918786,193.0,221.0,97.0
124,0.03950696055684454,193.0,221.0,97.0
125,0.039495359628770293,193.0,221.0,97.0
126,0.03948375870069605,193.0,221.0,97.0
127,0.0394721577726218,193.0,221.0,97.0
128,0.03946055684454756,193.0,221.0,97.0
129,0.039448955916473315,193.0,221.0,97.0
130,0.039437354988399065,193.0,221.0,97.0
131,0.03942575406032482,192.0,221.0,97.0
132,0.03941415313225057,192.0,221.0,97.0
133,0.03940255220417633,192.0,221.0,97.0
134,0.03939095127610208,192.0,221.0,97.0
135,0.039379350348027836,192.0,221.0,97.0
136,0.03936774941995359,192.0,221.0,97.0
137,0.03935614849187934,192.0,221.0,97.0
138,0.0393445475638051,192.0,221.0,97.0
139,0.03933294663573085,192.0,221.0,97.0
140,0.03932134570765661,192.0,221.0,97.0
141,0.03930974477958236,192.0,221.0,97.0
142,0.039298143851508115,192.0,221.0,97.0
143,0.03928654292343387,192.0,221.0,97.0
144,0.03927494199535962,192.0,221.0,97.0
145,0.03926334106728538,191.0,221.0,97.0
146,0.03925174013921113,191.0,221.0,97.0
147,0.039240139211136886,191.0,221.0,97.0
148,0.039228538283062636,191.0,221.0,97.0
149,0.03921693735498839,191.0,221.0,97.0
150,0.03920533642691415,191.0,221.0,97.0
151,0.0391937354988399,191.0,221.0,97.0
152,0.03918213457076566,191.0,221.0,97.0
153,0.03917053364269141,191.0,221.0,97.0
154,0.039158932714617165,191.0,221.0,97.0
155,0.039147331786542915,191.0,221.0,97.0
156,0.03913573085846867,191.0,221.0,97.0
157,0.03912412993039443,191.0,221.0,97.0
158,0.03911252900232018,191.0,221.0,97.0
159,0.039100928074245936,190.0,221.0,97.0
160,0.039089327146171686,190.0,221.0,97.0
161,0.03907772621809744,190.0,221.0,97.0
162,0.03906612529002319,190.0,221.0,97.0
163,0.03905452436194895,190.0,221.0,97.0
164,0.03904292343387471,190.0,221.0,97.0
165,0.03903132250580046,190.0,221.0,97.0
166,0.039019721577726214,190.0,221.0,97.0
167,0.039008120649651964,190.0,221.0,97.0
168,0.03899651972157772,190.0,221.0,97.0
169,0.03898491879350347,190.0,221.0,97.0
170,0.03897331786542923,190.0,221.0,97.0
171,0.03896171693735498,190.0,221.0,97.0
172,0.038950116009280736,189.0,221.0,97.0
173,0.03893851508120649,189.0,221.0,97.0
174,0.03892691415313224,189.0,221.0,97.0
175,0.038915313225058,189.0,221.0,97.0
176,0.03890371229698375,189.0,221.0,97.0
177,0.03889211136890951,189.0,221.0,97.0
178,0.038880510440835264,189.0,221.0,97.0
179,0.038868909512761014,189.0,221.0,97.0
180,0.03885730858468677,189.0,221.0,97.0
181,0.03884570765661252,189.0,221.0,97.0
182,0.03883410672853828,189.0,221.0,97.0
183,0.03882250580046403,189.0,221.0,97.0
184,0.038810904872389786,189.0,221.0,97.0
185,0.038799303944315536,189.0,221.0,98.0
186,0.03878770301624129,188.0,221.0,98.0
187,0.03877610208816705,188.0,221.0,98.0
188,0.0387645011600928,188.0,220.0,98.0
189,0.03875290023201856,188.0,220.0,98.0
190,0.03874129930394431,188.0,220.0,98.0
191,0.038729698375870064,188.0,220.0,98.0
192,0.03871809744779582,188.0,220.0,98.0
193,0.03870649651972157,188.0,220.0,98.0
194,0.03869489559164733,188.0,220.0,98.0
195,0.03868329466357308,188.0,220.0,98.0
196,0.038671693735498835,188.0,220.0,98.0
197,0.038660092807424586,188.0,220.0,98.0
198,0.03864849187935034,188.0,220.0,98.0
199,0.03863689095127609,188.0,220.0,98.0
200,0.03862529002320185,187.0,220.0,98.0
201,0.03861368909512761,187.0,220.0,98.0
202,0.03860208816705336,187.0,220.0,98.0
203,0.038590487238979114,187.0,220.0,98.0
204,0.038578886310904864,187.0,220.0,98.0
205,0.03856728538283062,187.0,220.0,98.0
206,0.03855568445475638,187.0,220.0,98.0
207,0.03854408352668213,187.0,220.0,98.0
208,0.038532482598607885,187.0,220.0,98.0
209,0.038520881670533635,187.0,220.0,98.0
210,0.03850928074245939,187.0,220.0,98.0
211,0.03849767981438514,187.0,220.0,98.0
212,0.0384860788863109,187.0,220.0,98.0
213,0.03847447795823665,186.0,220.0,98.0
214,0.03846287703016241,186.0,220.0,98.0
215,0.038451276102088164,186.0,220.0,98.0
216,0.038439675174013914,186.0,220.0,98.0
217,0.03842807424593967,186.0,220.0,98.0
218,0.03841647331786542,186.0,220.0,98.0
219,0.03840487238979118,186.0,220.0,98.0
220,0.038393271461716935,186.0,220.0,98.0
221,0.038381670533642685,186.0,220.0,98.0
222,0.03837006960556844,186.0,220.0,98.0
223,0.03835846867749419,186.0,220.0,98.0
224,0.03834686774941995,186.0,220.0,98.0
225,0.0383352668213457,186.0,220.0,98.0
226,0.03832366589327146,186.0,220.0,98.0
227,0.03831206496519721,185.0,220.0,98.0
228,0.038300464037122964,185.0,220.0,98.0
229,0.03828886310904872,185.0,220.0,98.0
230,0.03827726218097447,185.0,220.0,98.0
231,0.03826566125290023,185.0,220.0,98.0
232,0.03825406032482598,185.0,220.0,98.0
233,0.038242459396751735,185.0,220.0,98.0
234,0.038230858468677485,185.0,220.0,98.0
235,0.03821925754060324,185.0,220.0,98.0
236,0.038207656612529,185.0,220.0,98.0
237,0.03819605568445475,185.0,220.0,98.0
238,0.038184454756380506,185.0,220.0,98.0
239,0.03817285382830626,185.0,220.0,98.0
240,0.038161252900232014,185.0,220.0,98.0
241,0.038149651972157764,184.0,220.0,98.0
242,0.03813805104408352,184.0,220.0,98.0
243,0.03812645011600928,184.0,220.0,98.0
244,0.03811484918793503,184.0,220.0,98.0
245,0.038103248259860785,184.0,220.0,98.0
246,0.038091647331786535,184.0,220.0,98.0
247,0.03808004640371229,184.0,220.0,98.0
248,0.03806844547563804,184.0,220.0,98.0
249,0.0380568445475638,184.0,220.0,98.0
250,0.038045243619489556,184.0,220.0,98.0
251,0.038033642691415306,184.0,220.0,98.0
252,0.03802204176334106,184.0,220.0,98.0
253,0.038010440835266814,184.0,220.0,98.0
254,0.03799883990719257,184.0,220.0,98.0
255,0.03798723897911832,183.0,220.0,98.0
256,0.03797563805104408,183.0,220.0,98.0
257,0.037964037122969835,183.0,220.0,98.0
258,0.037952436194895585,183.0,220.0,98.0
259,0.03794083526682134,183.0,220.0,98.0
260,0.03792923433874709,183.0,220.0,98.0
261,0.03791763341067285,183.0,219.0,99.0
262,0.0379060324825986,183.0,219.0,99.0
263,0.037894431554524356,183.0,219.0,99.0
264,0.03788283062645011,183.0,219.0,99.0
265,0.03787122969837586,183.0,219.0,99.0
266,0.03785962877030162,183.0,219.0,99.0
267,0.03784802784222737,183.0,219.0,99.0
268,0.03783642691415313,182.0,219.0,99.0
269,0.03782482598607888,182.0,219.0,99.0
270,0.037813225058004635,182.0,219.0,99.0
271,0.03780162412993039,182.0,219.0,99.0
272,0.03779002320185614,182.0,219.0,99.0
273,0.0377784222737819,182.0,219.0,99.0
274,0.03776682134570765,182.0,219.0,99.0
275,0.037755220417633406,182.0,219.0,99.0
276,0.037743619489559156,182.0,219.0,99.0
277,0.03773201856148491,182.0,219.0,99.0
278,0.03772041763341067,182.0,219.0,99.0
279,0.03770881670533642,182.0,219.0,99.0
280,0.03769721577726218,182.0,219.0,99.0
281,0.03768561484918793,182.0,219.0,99.0
282,0.037674013921113685,181.0,219.0,99.0
283,0.037662412993039435,181.0,219.0,99.0
284,0.03765081206496519,181.0,219.0,99.0
285,0.03763921113689095,181.0,219.0,99.0
286,0.0376276102088167,181.0,219.0,99.0
287,0.037616009280742456,181.0,219.0,99.0
288,0.037604408352668206,181.0,219.0,99.0
289,0.03759280742459396,181.0,219.0,99.0
290,0.03758120649651971,181.0,219.0,99.0
291,0.03756960556844547,181.0,219.0,99.0
292,0.03755800464037122,181.0,219.0,99.0
293,0.03754640371229698,181.0,219.0,99.0
294,0.037534802784222734,181.0,219.0,99.0
295,0.037523201856148485,181.0,219.0,99.0
296,0.03751160092807424,180.0,219.0,99.0
297,0.03749999999999999,180.0,219.0,99.0
298,0.03748839907192575,180.0,219.0,99.0
299,0.037476798143851506,180.0,219.0,99.0
300,0.037465197215777256,180.0,219.0,99.0
301,0.03745359628770301,180.0,219.0,99.0
302,0.03744199535962876,180.0,219.0,99.0
303,0.03743039443155452,180.0,219.0,99.0
304,0.03741879350348027,180.0,219.0,99.0
305,0.03740719257540603,180.0,219.0,99.0
306,0.03739559164733178,180.0,219.0,99.0
307,0.037383990719257534,180.0,219.0,99.0
308,0.03737238979118329,180.0,219.0,99.0
309,0.03736078886310904,179.0,219.0,99.0
310,0.0373491879350348,179.0,219.0,99.0
311,0.03733758700696055,179.0,219.0,99.0
312,0.037325986078886306,179.0,219.0,99.0
313,0.03731438515081206,179.0,219.0,99.0
314,0.03730278422273781,179.0,219.0,99.0
315,0.03729118329466357,179.0,219.0,99.0
316,0.03727958236658932,179.0,219.0,99.0
317,0.03726798143851508,179.0,219.0,99.0
318,0.03725638051044083,179.0,219.0,99.0
319,0.037244779582366584,179.0,219.0,99.0
320,0.037233178654292334,179.0,219.0,99.0
321,0.03722157772621809,179.0,219.0,99.0
322,0.03720997679814385,179.0,219.0,99.0
323,0.0371983758700696,178.0,219.0,99.0
324,0.037186774941995356,178.0,219.0,99.0
325,0.037175174013921106,178.0,219.0,99.0
326,0.03716357308584686,178.0,219.0,99.0
327,0.03715197215777262,178.0,219.0,99.0
328,0.03714037122969837,178.0,219.0,99.0
329,0.03712877030162413,178.0,219.0,99.0
330,0.03711716937354988,178.0,219.0,99.0
331,0.037105568445475634,178.0,219.0,99.0
332,0.037093967517401384,178.0,219.0,99.0
333,0.03708236658932714,178.0,219.0,99.0
334,0.03707076566125289,178.0,219.0,99.0
335,0.03705916473317865,178.0,218.0,99.0
336,0.037047563805104405,178.0,218.0,99.0
337,0.037035962877030155,177.0,218.0,100.0
338,0.03702436194895591,177.0,218.0,100.0
339,0.03701276102088166,177.0,218.0,100.0
340,0.03700116009280742,177.0,218.0,100.0
341,0.03698955916473318,177.0,218.0,100.0
342,0.03697795823665893,177.0,218.0,100.0
343,0.036966357308584684,177.0,218.0,100.0
344,0.036954756380510434,177.0,218.0,100.0
345,0.03694315545243619,177.0,218.0,100.0
346,0.03693155452436194,177.0,218.0,100.0
347,0.0369199535962877,177.0,218.0,100.0
348,0.03690835266821345,177.0,218.0,100.0
349,0.036896751740139205,177.0,218.0,100.0
350,0.03688515081206496,177.0,218.0,100.0
351,0.03687354988399071,176.0,218.0,100.0
352,0.03686194895591647,176.0,218.0,100.0
353,0.03685034802784222,176.0,218.0,100.0
354,0.03683874709976798,176.0,218.0,100.0
355,0.036827146171693734,176.0,218.0,100.0
356,0.036815545243619484,176.0,218.0,100.0
357,0.03680394431554524,176.0,218.0,100.0
358,0.03679234338747099,176.0,218.0,100.0
359,0.03678074245939675,176.0,218.0,100.0
360,0.0367691415313225,176.0,218.0,100.0
361,0.036757540603248255,176.0,218.0,100.0
362,0.036745939675174005,176.0,218.0,100.0
363,0.03673433874709976,176.0,218.0,100.0
364,0.03672273781902552,175.0,218.0,100.0
365,0.03671113689095127,175.0,218.0,100.0
366,0.036699535962877027,175.0,218.0,100.0
367,0.03668793503480278,175.0,218.0,100.0
368,0.036676334106728534,175.0,218.0,100.0
369,0.03666473317865429,175.0,218.0,100.0
370,0.03665313225058004,175.0,218.0,100.0
371,0.0366415313225058,175.0,218.0,100.0
372,0.03662993039443155,175.0,218.0,100.0
373,0.036618329466357305,175.0,218.0,100.0
374,0.036606728538283055,175.0,218.0,100.0
375,0.03659512761020881,175.0,218.0,100.0
376,0.03658352668213456,175.0,218.0,100.0
377,0.03657192575406032,175.0,218.0,100.0
378,0.036560324825986076,174.0,218.0,100.0
379,0.036548723897911826,174.0,218.0,100.0
380,0.036537122969837584,174.0,218.0,100.0
381,0.036525522041763334,174.0,218.0,100.0
382,0.03651392111368909,174.0,218.0,100.0
383,0.03650232018561484,174.0,218.0,100.0
384,0.0364907192575406,174.0,218.0,100.0
385,0.036479118329466355,174.0,218.0,100.0
386,0.036467517401392105,174.0,218.0,100.0
387,0.03645591647331786,174.0,218.0,100.0
388,0.03644431554524361,174.0,218.0,100.0
389,0.03643271461716937,174.0,218.0,100.0
390,0.03642111368909512,174.0,218.0,100.0
391,0.036409512761020876,174.0,218.0,100.0
392,0.03639791183294663,173.0,218.0,100.0
393,0.03638631090487238,173.0,218.0,100.0
394,0.03637470997679814,173.0,218.0,100.0
395,0.03636310904872389,173.0,218.0,100.0
396,0.03635150812064965,173.0,218.0,100.0
397,0.0363399071925754,173.0,218.0,100.0
398,0.036328306264501155,173.0,218.0,100.0
399,0.036316705336426905,173.0,218.0,100.0
400,0.03630510440835266,173.0,218.0,100.0
401,0.03629350348027842,173.0,218.0,100.0
402,0.03628190255220417,173.0,218.0,100.0
403,0.036270301624129926,173.0,218.0,100.0
404,0.036258700696055676,173.0,218.0,100.0
405,0.03624709976798143,172.0,218.0,100.0
406,0.03623549883990719,172.0,218.0,100.0
407,0.03622389791183294,172.0,218.0,100.0
408,0.0362122969837587,172.0,217.0,100.0
409,0.03620069605568445,172.0,217.0,100.0
410,0.036189095127610205,172.0,217.0,100.0
411,0.036177494199535955,172.0,217.0,100.0
412,0.03616589327146171,172.0,217.0,100.0
413,0.03615429234338746,172.0,217.0,101.0
414,0.03614269141531322,172.0,217.0,101.0
415,0.036131090487238976,172.0,217.0,101.0
416,0.036119489559164726,172.0,217.0,101.0
417,0.03610788863109048,172.0,217.0,101.0
418,0.03609628770301623,172.0,217.0,101.0
419,0.03608468677494199,171.0,217.0,101.0
420,0.03607308584686775,171.0,217.0,101.0
421,0.0360614849187935,171.0,217.0,101.0
422,0.036049883990719254,171.0,217.0,101.0
423,0.036038283062645005,171.0,217.0,101.0
424,0.03602668213457076,171.0,217.0,101.0
425,0.03601508120649651,171.0,217.0,101.0
426,0.03600348027842227,171.0,217.0,101.0
427,0.03599187935034802,171.0,217.0,101.0
428,0.035980278422273776,171.0,217.0,101.0
429,0.03596867749419953,171.0,217.0,101.0
430,0.03595707656612528,171.0,217.0,101.0
431,0.03594547563805104,171.0,217.0,101.0
432,0.03593387470997679,171.0,217.0,101.0
433,0.03592227378190255,170.0,217.0,101.0
434,0.035910672853828304,170.0,217.0,101.0
435,0.035899071925754054,170.0,217.0,101.0
436,0.03588747099767981,170.0,217.0,101.0
437,0.03587587006960556,170.0,217.0,101.0
438,0.03586426914153132,170.0,217.0,101.0
439,0.03585266821345707,170.0,217.0,101.0
440,0.035841067285382826,170.0,217.0,101.0
441,0.035829466357308576,170.0,217.0,101.0
442,0.03581786542923433,170.0,217.0,101.0
443,0.03580626450116009,170.0,217.0,101.0
444,0.03579466357308584,170.0,217.0,101.0
445,0.0357830626450116,170.0,217.0,101.0
446,0.03577146171693735,170.0,217.0,101.0
447,0.035759860788863104,169.0,217.0,101.0
448,0.03574825986078886,169.0,217.0,101.0
449,0.03573665893271461,169.0,217.0,101.0
450,0.03572505800464037,169.0,217.0,101.0
451,0.03571345707656612,169.0,217.0,101.0
452,0.035701856148491876,169.0,217.0,101.0
453,0.035690255220417626,169.0,217.0,101.0
454,0.03567865429234338,169.0,217.0,101.0
455,0.03566705336426913,169.0,217.0,101.0
456,0.03565545243619489,169.0,217.0,101.0
457,0.03564385150812065,169.0,217.0,101.0
458,0.0356322505800464,169.0,217.0,101.0
459,0.035620649651972154,169.0,217.0,101.0
460,0.035609048723897904,168.0,217.0,101.0
461,0.03559744779582366,168.0,217.0,101.0
462,0.03558584686774942,168.0,217.0,101.0
463,0.03557424593967517,168.0,217.0,101.0
464,0.035562645011600925,168.0,217.0,101.0
465,0.035551044083526676,168.0,217.0,101.0
466,0.03553944315545243,168.0,217.0,101.0
467,0.03552784222737818,168.0,217.0,101.0
468,0.03551624129930394,168.0,217.0,101.0
469,0.03550464037122969,168.0,217.0,101.0
470,0.03549303944315545,168.0,217.0,101.0
471,0.035481438515081204,168.0,217.0,101.0
472,0.035469837587006954,168.0,217.0,101.0
473,0.03545823665893271,168.0,217.0,101.0
474,0.03544663573085846,167.0,217.0,101.0
475,0.03543503480278422,167.0,217.0,101.0
476,0.035423433874709975,167.0,217.0,101.0
477,0.035411832946635725,167.0,217.0,101.0
478,0.03540023201856148,167.0,217.0,101.0
479,0.03538863109048723,167.0,217.0,101.0
480,0.03537703016241299,167.0,217.0,101.0
481,0.03536542923433874,167.0,216.0,101.0
482,0.0353538283062645,167.0,216.0,101.0
483,0.03534222737819025,167.0,216.0,101.0
484,0.035330626450116004,167.0,216.0,101.0
485,0.03531902552204176,167.0,216.0,101.0
486,0.03530742459396751,167.0,216.0,101.0
487,0.03529582366589327,167.0,216.0,101.0
488,0.03528422273781902,166.0,216.0,101.0
489,0.035272621809744775,166.0,216.0,102.0
490,0.03526102088167053,166.0,216.0,102.0
491,0.03524941995359628,166.0,216.0,102.0
492,0.03523781902552204,166.0,216.0,102.0
493,0.03522621809744779,166.0,216.0,102.0
494,0.03521461716937355,166.0,216.0,102.0
495,0.0352030162412993,166.0,216.0,102.0
496,0.035191415313225054,166.0,216.0,102.0
497,0.035179814385150804,166.0,216.0,102.0
498,0.03516821345707656,166.0,216.0,102.0
499,0.03515661252900232,166.0,216.0,102.0
500,0.03514501160092807,166.0,216.0,102.0
501,0.035133410672853825,165.0,216.0,102.0
502,0.035121809744779575,165.0,216.0,102.0
503,0.03511020881670533,165.0,216.0,102.0
504,0.03509860788863109,165.0,216.0,102.0
505,0.03508700696055684,165.0,216.0,102.0
506,0.035075406032482596,165.0,216.0,102.0
507,0.035063805104408347,165.0,216.0,102.0
508,0.035052204176334104,165.0,216.0,102.0
509,0.035040603248259854,165.0,216.0,102.0
510,0.03502900232018561,165.0,216.0,102.0
511,0.03501740139211136,165.0,216.0,102.0
512,0.03500580046403712,165.0,216.0,102.0
513,0.034994199535962875,165.0,216.0,102.0
514,0.034982598607888625,165.0,216.0,102.0
515,0.03497099767981438,164.0,216.0,102.0
516,0.03495939675174013,164.0,216.0,102.0
517,0.03494779582366589,164.0,216.0,102.0
518,0.03493619489559164,164.0,216.0,102.0
519,0.034924593967517396,164.0,216.0,102.0
520,0.034912993039443146,164.0,216.0,102.0
521,0.034901392111368904,164.0,216.0,102.0
522,0.03488979118329466,164.0,216.0,102.0
523,0.03487819025522041,164.0,216.0,102.0
524,0.03486658932714617,164.0,216.0,102.0
525,0.03485498839907192,164.0,216.0,102.0
526,0.034843387470997675,164.0,216.0,102.0
527,0.03483178654292343,164.0,216.0,102.0
528,0.03482018561484918,164.0,216.0,102.0
529,0.03480858468677494,163.0,216.0,102.0
530,0.03479698375870069,163.0,216.0,102.0
531,0.034785382830626446,163.0,216.0,102.0
532,0.034773781902552196,163.0,216.0,102.0
533,0.03476218097447795,163.0,216.0,102.0
534,0.0347505800464037,163.0,216.0,102.0
535,0.03473897911832946,163.0,216.0,102.0
536,0.03472737819025522,163.0,216.0,102.0
537,0.03471577726218097,163.0,216.0,102.0
538,0.034704176334106725,163.0,216.0,102.0
539,0.034692575406032475,163.0,216.0,102.0
540,0.03468097447795823,163.0,216.0,102.0
541,0.03466937354988399,163.0,216.0,102.0
542,0.03465777262180974,163.0,216.0,102.0
543,0.034646171693735496,162.0,216.0,102.0
544,0.034634570765661246,162.0,216.0,102.0
545,0.034622969837587,162.0,216.0,102.0
546,0.03461136890951275,162.0,216.0,102.0
547,0.03459976798143851,162.0,216.0,102.0
548,0.03458816705336426,162.0,216.0,102.0
549,0.03457656612529002,162.0,216.0,102.0
550,0.034564965197215775,162.0,216.0,102.0
551,0.034553364269141525,162.0,216.0,102.0
552,0.03454176334106728,162.0,216.0,102.0
553,0.03453016241299303,162.0,216.0,102.0
554,0.03451856148491879,162.0,215.0,102.0
555,0.034506960556844546,162.0,215.0,102.0
556,0.034495359628770296,161.0,215.0,102.0
557,0.03448375870069605,161.0,215.0,102.0
558,0.0344721577726218,161.0,215.0,102.0
559,0.03446055684454756,161.0,215.0,102.0
560,0.03444895591647331,161.0,215.0,102.0
561,0.03443735498839907,161.0,215.0,102.0
562,0.03442575406032482,161.0,215.0,102.0
563,0.034414153132250574,161.0,215.0,102.0
564,0.03440255220417633,161.0,215.0,102.0
565,0.03439095127610208,161.0,215.0,103.0
566,0.03437935034802784,161.0,215.0,103.0
567,0.03436774941995359,161.0,215.0,103.0
568,0.034356148491879346,161.0,215.0,103.0
569,0.0343445475638051,161.0,215.0,103.0
570,0.03433294663573085,160.0,215.0,103.0
571,0.03432134570765661,160.0,215.0,103.0
572,0.03430974477958236,160.0,215.0,103.0
573,0.03429814385150812,160.0,215.0,103.0
574,0.03428654292343387,160.0,215.0,103.0
575,0.034274941995359624,160.0,215.0,103.0
576,0.034263341067285374,160.0,215.0,103.0
577,0.03425174013921113,160.0,215.0,103.0
578,0.03424013921113689,160.0,215.0,103.0
579,0.03422853828306264,160.0,215.0,103.0
580,0.034216937354988396,160.0,215.0,103.0
581,0.034205336426914146,160.0,215.0,103.0
582,0.0341937354988399,160.0,215.0,103.0
583,0.03418213457076566,160.0,215.0,103.0
584,0.03417053364269141,159.0,215.0,103.0
585,0.03415893271461717,159.0,215.0,103.0
586,0.03414733178654292,159.0,215.0,103.0
587,0.034135730858468674,159.0,215.0,103.0
588,0.034124129930394424,159.0,215.0,103.0
589,0.03411252900232018,159.0,215.0,103.0
590,0.03410092807424593,159.0,215.0,103.0
591,0.03408932714617169,159.0,215.0,103.0
592,0.034077726218097446,159.0,215.0,103.0
593,0.034066125290023196,159.0,215.0,103.0
594,0.03405452436194895,159.0,215.0,103.0
595,0.0340429234338747,159.0,215.0,103.0
596,0.03403132250580046,159.0,215.0,103.0
597,0.03401972157772622,158.0,215.0,103.0
598,0.03400812064965197,158.0,215.0,103.0
599,0.033996519721577724,158.0,215.0,103.0
600,0.033984918793503474,158.0,215.0,103.0
601,0.03397331786542923,158.0,215.0,103.0
602,0.03396171693735498,158.0,215.0,103.0
603,0.03395011600928074,158.0,215.0,103.0
604,0.03393851508120649,158.0,215.0,103.0
605,0.033926914153132245,158.0,215.0,103.0
606,0.033915313225058,158.0,215.0,103.0
607,0.03390371229698375,158.0,215.0,103.0
608,0.03389211136890951,158.0,215.0,103.0
609,0.03388051044083526,158.0,215.0,103.0
610,0.03386890951276102,158.0,215.0,103.0
611,0.033857308584686774,157.0,215.0,103.0
612,0.033845707656612524,157.0,215.0,103.0
613,0.03383410672853828,157.0,215.0,103.0
614,0.03382250580046403,157.0,215.0,103.0
615,0.03381090487238979,157.0,215.0,103.0
616,0.03379930394431554,157.0,215.0,103.0
617,0.033787703016241295,157.0,215.0,103.0
618,0.033776102088167045,157.0,215.0,103.0
619,0.0337645011600928,157.0,215.0,103.0
620,0.03375290023201856,157.0,215.0,103.0
621,0.03374129930394431,157.0,215.0,103.0
622,0.03372969837587007,157.0,215.0,103.0
623,0.03371809744779582,157.0,215.0,103.0
624,0.033706496519721574,157.0,215.0,103.0
625,0.03369489559164733,156.0,215.0,103.0
626,0.03368329466357308,156.0,215.0,103.0
627,0.03367169373549884,156.0,215.0,103.0
628,0.03366009280742459,156.0,214.0,103.0
629,0.033648491879350345,156.0,214.0,103.0
630,0.033636890951276095,156.0,214.0,103.0
631,0.03362529002320185,156.0,214.0,103.0
632,0.0336136890951276,156.0,214.0,103.0
633,0.03360208816705336,156.0,214.0,103.0
634,0.033590487238979116,156.0,214.0,103.0
635,0.03357888631090487,156.0,214.0,103.0
636,0.033567285382830624,156.0,214.0,103.0
637,0.033555684454756374,156.0,214.0,103.0
638,0.03354408352668213,156.0,214.0,103.0
639,0.03353248259860788,155.0,214.0,103.0
640,0.03352088167053364,155.0,214.0,104.0
641,0.033509280742459395,155.0,214.0,104.0
642,0.033497679814385145,155.0,214.0,104.0
643,0.0334860788863109,155.0,214.0,104.0
644,0.03347447795823665,155.0,214.0,104.0
645,0.03346287703016241,155.0,214.0,104.0
646,0.03345127610208816,155.0,214.0,104.0
647,0.033439675174013916,155.0,214.0,104.0
648,0.033428074245939673,155.0,214.0,104.0
649,0.033416473317865424,155.0,214.0,104.0
650,0.03340487238979118,155.0,214.0,104.0
651,0.03339327146171693,155.0,214.0,104.0
652,0.03338167053364269,154.0,214.0,104.0
653,0.03337006960556844,154.0,214.0,104.0
654,0.033358468677494195,154.0,214.0,104.0
655,0.033346867749419945,154.0,214.0,104.0
656,0.0333352668213457,154.0,214.0,104.0
657,0.03332366589327146,154.0,214.0,104.0
658,0.03331206496519721,154.0,214.0,104.0
659,0.033300464037122966,154.0,214.0,104.0
660,0.033288863109048716,154.0,214.0,104.0
661,0.03327726218097447,154.0,214.0,104.0
662,0.03326566125290023,154.0,214.0,104.0
663,0.03325406032482598,154.0,214.0,104.0
664,0.03324245939675174,154.0,214.0,104.0
665,0.03323085846867749,154.0,214.0,104.0
666,0.033219257540603245,153.0,214.0,104.0
667,0.033207656612528995,153.0,214.0,104.0
668,0.03319605568445475,153.0,214.0,104.0
669,0.0331844547563805,153.0,214.0,104.0
670,0.03317285382830626,153.0,214.0,104.0
671,0.033161252900232016,153.0,214.0,104.0
672,0.033149651972157766,153.0,214.0,104.0
673,0.03313805104408352,153.0,214.0,104.0
674,0.03312645011600927,153.0,214.0,104.0
675,0.03311484918793503,153.0,214.0,104.0
676,0.03310324825986079,153.0,214.0,104.0
677,0.03309164733178654,153.0,214.0,104.0
678,0.033080046403712295,153.0,214.0,104.0
679,0.033068445475638045,153.0,214.0,104.0
680,0.0330568445475638,152.0,214.0,104.0
681,0.03304524361948956,152.0,214.0,104.0
682,0.03303364269141531,152.0,214.0,104.0
683,0.03302204176334106,152.0,214.0,104.0
684,0.033010440835266816,152.0,214.0,104.0
685,0.03299883990719257,152.0,214.0,104.0
686,0.03298723897911832,152.0,214.0,104.0
687,0.03297563805104408,152.0,214.0,104.0
688,0.03296403712296983,152.0,214.0,104.0
689,0.03295243619489559,152.0,214.0,104.0
690,0.032940835266821344,152.0,214.0,104.0
691,0.032929234338747095,152.0,214.0,104.0
692,0.03291763341067285,152.0,214.0,104.0
693,0.0329060324825986,151.0,214.0,104.0
694,0.03289443155452436,151.0,214.0,104.0
695,0.03288283062645011,151.0,214.0,104.0
696,0.032871229698375866,151.0,214.0,104.0
697,0.032859628770301616,151.0,214.0,104.0
698,0.03284802784222737,151.0,214.0,104.0
699,0.03283642691415313,151.0,214.0,104.0
700,0.03282482598607888,151.0,214.0,104.0
701,0.03281322505800464,151.0,213.0,104.0
702,0.03280162412993039,151.0,213.0,104.0
703,0.032790023201856144,151.0,213.0,104.0
704,0.0327784222737819,151.0,213.0,104.0
705,0.03276682134570765,151.0,213.0,104.0
706,0.03275522041763341,151.0,213.0,104.0
707,0.03274361948955916,150.0,213.0,104.0
708,0.032732018561484916,150.0,213.0,104.0
709,0.032720417633410666,150.0,213.0,104.0
710,0.03270881670533642,150.0,213.0,104.0
711,0.03269721577726217,150.0,213.0,104.0
712,0.03268561484918793,150.0,213.0,104.0
713,0.03267401392111369,150.0,213.0,104.0
714,0.03266241299303944,150.0,213.0,104.0
715,0.032650812064965194,150.0,213.0,104.0
716,0.032639211136890944,150.0,213.0,105.0
717,0.0326276102088167,150.0,213.0,105.0
718,0.03261600928074246,150.0,213.0,105.0
719,0.03260440835266821,150.0,213.0,105.0
720,0.03259280742459396,150.0,213.0,105.0
721,0.032581206496519716,149.0,213.0,105.0
722,0.03256960556844547,149.0,213.0,105.0
723,0.03255800464037122,149.0,213.0,105.0
724,0.03254640371229698,149.0,213.0,105.0
725,0.03253480278422273,149.0,213.0,105.0
726,0.03252320185614849,149.0,213.0,105.0
727,0.032511600928074244,149.0,213.0,105.0
728,0.032499999999999994,149.0,213.0,105.0
729,0.03248839907192575,149.0,213.0,105.0
730,0.0324767981438515,149.0,213.0,105.0
731,0.03246519721577726,149.0,213.0,105.0
732,0.032453596287703015,149.0,213.0,105.0
733,0.032441995359628766,149.0,213.0,105.0
734,0.032430394431554516,149.0,213.0,105.0
735,0.03241879350348027,148.0,213.0,105.0
736,0.03240719257540603,148.0,213.0,105.0
737,0.03239559164733178,148.0,213.0,105.0
738,0.03238399071925754,148.0,213.0,105.0
739,0.03237238979118329,148.0,213.0,105.0
740,0.032360788863109044,148.0,213.0,105.0
741,0.0323491879350348,148.0,213.0,105.0
742,0.03233758700696055,148.0,213.0,105.0
743,0.03232598607888631,148.0,213.0,105.0
744,0.03231438515081206,148.0,213.0,105.0
745,0.032302784222737815,148.0,213.0,105.0
746,0.03229118329466357,148.0,213.0,105.0
747,0.03227958236658932,148.0,213.0,105.0
748,0.03226798143851507,147.0,213.0,105.0
749,0.03225638051044083,147.0,213.0,105.0
750,0.03224477958236659,147.0,213.0,105.0
751,0.03223317865429234,147.0,213.0,105.0
752,0.032221577726218094,147.0,213.0,105.0
753,0.032209976798143844,147.0,213.0,105.0
754,0.0321983758700696,147.0,213.0,105.0
755,0.03218677494199536,147.0,213.0,105.0
756,0.03217517401392111,147.0,213.0,105.0
757,0.032163573085846865,147.0,213.0,105.0
758,0.032151972157772615,147.0,213.0,105.0
759,0.03214037122969837,147.0,213.0,105.0
760,0.03212877030162413,147.0,213.0,105.0
761,0.03211716937354988,147.0,213.0,105.0
762,0.03210556844547563,146.0,213.0,105.0
763,0.03209396751740139,146.0,213.0,105.0
764,0.032082366589327144,146.0,213.0,105.0
765,0.032070765661252894,146.0,213.0,105.0
766,0.03205916473317865,146.0,213.0,105.0
767,0.0320475638051044,146.0,213.0,105.0
768,0.03203596287703016,146.0,213.0,105.0
769,0.032024361948955915,146.0,213.0,105.0
770,0.032012761020881665,146.0,213.0,105.0
771,0.03200116009280742,146.0,213.0,105.0
772,0.03198955916473317,146.0,213.0,105.0
773,0.03197795823665893,146.0,213.0,105.0
774,0.031966357308584686,146.0,212.0,105.0
775,0.031954756380510436,146.0,212.0,105.0
776,0.03194315545243619,145.0,212.0,105.0
777,0.031931554524361944,145.0,212.0,105.0
778,0.0319199535962877,145.0,212.0,105.0
779,0.03190835266821345,145.0,212.0,105.0
780,0.03189675174013921,145.0,212.0,105.0
781,0.03188515081206496,145.0,212.0,105.0
782,0.031873549883990715,145.0,212.0,105.0
783,0.03186194895591647,145.0,212.0,105.0
784,0.03185034802784222,145.0,212.0,105.0
785,0.03183874709976798,145.0,212.0,105.0
786,0.03182714617169373,145.0,212.0,105.0
787,0.031815545243619486,145.0,212.0,105.0
788,0.03180394431554524,145.0,212.0,105.0
789,0.031792343387470993,144.0,212.0,105.0
790,0.031780742459396744,144.0,212.0,105.0
791,0.0317691415313225,144.0,212.0,105.0
792,0.03175754060324826,144.0,212.0,106.0
793,0.03174593967517401,144.0,212.0,106.0
794,0.031734338747099765,144.0,212.0,106.0
795,0.031722737819025515,144.0,212.0,106.0
796,0.03171113689095127,144.0,212.0,106.0
797,0.03169953596287703,144.0,212.0,106.0
798,0.03168793503480278,144.0,212.0,106.0
799,0.031676334106728536,144.0,212.0,106.0
800,0.031664733178654286,144.0,212.0,106.0
801,0.03165313225058004,144.0,212.0,106.0
802,0.0316415313225058,144.0,212.0,106.0
803,0.03162993039443155,143.0,212.0,106.0
804,0.0316183294663573,143.0,212.0,106.0
805,0.03160672853828306,143.0,212.0,106.0
806,0.031595127610208815,143.0,212.0,106.0
807,0.031583526682134565,143.0,212.0,106.0
808,0.03157192575406032,143.0,212.0,106.0
809,0.03156032482598607,143.0,212.0,106.0
810,0.03154872389791183,143.0,212.0,106.0
811,0.031537122969837586,143.0,212.0,106.0
812,0.031525522041763336,143.0,212.0,106.0
813,0.03151392111368909,143.0,212.0,106.0
814,0.03150232018561484,143.0,212.0,106.0
815,0.0314907192575406,143.0,212.0,106.0
816,0.03147911832946636,143.0,212.0,106.0
817,0.03146751740139211,142.0,212.0,106.0
818,0.03145591647331786,142.0,212.0,106.0
819,0.031444315545243615,142.0,212.0,106.0
820,0.03143271461716937,142.0,212.0,106.0
821,0.03142111368909512,142.0,212.0,106.0
822,0.03140951276102088,142.0,212.0,106.0
823,0.03139791183294663,142.0,212.0,106.0
824,0.031386310904872386,142.0,212.0,106.0
825,0.03137470997679814,142.0,212.0,106.0
826,0.03136310904872389,142.0,212.0,106.0
827,0.03135150812064965,142.0,212.0,106.0
828,0.0313399071925754,142.0,212.0,106.0
829,0.03132830626450116,142.0,212.0,106.0
830,0.03131670533642691,142.0,212.0,106.0
831,0.031305104408352664,141.0,212.0,106.0
832,0.031293503480278415,141.0,212.0,106.0
833,0.03128190255220417,141.0,212.0,106.0
834,0.03127030162412993,141.0,212.0,106.0
835,0.03125870069605568,141.0,212.0,106.0
836,0.031247099767981436,141.0,212.0,106.0
837,0.031235498839907186,141.0,212.0,106.0
838,0.031223897911832943,141.0,212.0,106.0
839,0.031212296983758697,141.0,212.0,106.0
840,0.03120069605568445,141.0,212.0,106.0
841,0.031189095127610207,141.0,212.0,106.0
842,0.031177494199535957,141.0,212.0,106.0
843,0.031165893271461714,141.0,212.0,106.0
844,0.031154292343387464,140.0,212.0,106.0
845,0.03114269141531322,140.0,212.0,106.0
846,0.031131090487238975,140.0,212.0,106.0
847,0.03111948955916473,140.0,212.0,106.0
848,0.031107888631090482,140.0,211.0,106.0
849,0.031096287703016236,140.0,211.0,106.0
850,0.031084686774941993,140.0,211.0,106.0
851,0.031073085846867743,140.0,211.0,106.0
852,0.0310614849187935,140.0,211.0,106.0
853,0.031049883990719254,140.0,211.0,106.0
854,0.031038283062645007,140.0,211.0,106.0
855,0.03102668213457076,140.0,211.0,106.0
856,0.031015081206496514,140.0,211.0,106.0
857,0.03100348027842227,140.0,211.0,106.0
858,0.03099187935034802,139.0,211.0,106.0
859,0.03098027842227378,139.0,211.0,106.0
860,0.030968677494199532,139.0,211.0,106.0
861,0.030957076566125286,139.0,211.0,106.0
862,0.03094547563805104,139.0,211.0,106.0
863,0.030933874709976793,139.0,211.0,106.0
864,0.03092227378190255,139.0,211.0,106.0
865,0.0309106728538283,139.0,211.0,106.0
866,0.030899071925754057,139.0,211.0,106.0
867,0.03088747099767981,139.0,211.0,106.0
868,0.030875870069605564,139.0,211.0,107.0
869,0.030864269141531318,139.0,211.0,107.0
870,0.03085266821345707,139.0,211.0,107.0
871,0.03084106728538283,138.0,211.0,107.0
872,0.03082946635730858,138.0,211.0,107.0
873,0.030817865429234335,138.0,211.0,107.0
874,0.03080626450116009,138.0,211.0,107.0
875,0.030794663573085843,138.0,211.0,107.0
876,0.030783062645011596,138.0,211.0,107.0
877,0.03077146171693735,138.0,211.0,107.0
878,0.030759860788863107,138.0,211.0,107.0
879,0.030748259860788857,138.0,211.0,107.0
880,0.030736658932714614,138.0,211.0,107.0
881,0.030725058004640367,138.0,211.0,107.0
882,0.03071345707656612,138.0,211.0,107.0
883,0.030701856148491875,138.0,211.0,107.0
884,0.030690255220417628,137.0,211.0,107.0
885,0.030678654292343385,137.0,211.0,107.0
886,0.030667053364269135,137.0,211.0,107.0
887,0.030655452436194892,137.0,211.0,107.0
888,0.030643851508120646,137.0,211.0,107.0
889,0.0306322505800464,137.0,211.0,107.0
890,0.030620649651972153,137.0,211.0,107.0
891,0.030609048723897907,137.0,211.0,107.0
892,0.030597447795823664,137.0,211.0,107.0
893,0.030585846867749414,137.0,211.0,107.0
894,0.03057424593967517,137.0,211.0,107.0
895,0.030562645011600924,137.0,211.0,107.0
896,0.030551044083526678,137.0,211.0,107.0
897,0.03053944315545243,136.0,211.0,107.0
898,0.030527842227378185,136.0,211.0,107.0
899,0.030516241299303942,136.0,211.0,107.0
900,0.030504640371229692,136.0,211.0,107.0
901,0.03049303944315545,136.0,211.0,107.0
902,0.030481438515081203,136.0,211.0,107.0
903,0.030469837587006957,136.0,211.0,107.0
904,0.03045823665893271,136.0,211.0,107.0
905,0.030446635730858464,136.0,211.0,107.0
906,0.03043503480278422,136.0,211.0,107.0
907,0.03042343387470997,136.0,211.0,107.0
908,0.030411832946635728,136.0,211.0,107.0
909,0.03040023201856148,135.0,211.0,107.0
910,0.030388631090487235,135.0,210.0,107.0
911,0.03037703016241299,135.0,210.0,107.0
912,0.030365429234338742,135.0,210.0,107.0
913,0.0303538283062645,135.0,210.0,107.0
914,0.03034222737819025,135.0,210.0,107.0
915,0.030330626450116006,135.0,210.0,107.0
916,0.03031902552204176,135.0,210.0,107.0
917,0.030307424593967514,135.0,210.0,107.0
918,0.030295823665893267,135.0,210.0,107.0
919,0.03028422273781902,135.0,210.0,107.0
920,0.030272621809744778,135.0,210.0,107.0
921,0.030261020881670528,135.0,210.0,107.0
922,0.030249419953596285,134.0,210.0,107.0
923,0.03023781902552204,134.0,210.0,107.0
924,0.030226218097447792,134.0,210.0,107.0
925,0.030214617169373546,134.0,210.0,107.0
926,0.0302030162412993,134.0,210.0,107.0
927,0.030191415313225056,134.0,210.0,107.0
928,0.030179814385150806,134.0,210.0,107.0
929,0.030168213457076563,134.0,210.0,107.0
930,0.030156612529002317,134.0,210.0,107.0
931,0.03014501160092807,134.0,210.0,108.0
932,0.030133410672853824,134.0,210.0,108.0
933,0.030121809744779578,134.0,210.0,108.0
934,0.030110208816705335,134.0,210.0,108.0
935,0.030098607888631085,133.0,210.0,108.0
936,0.030087006960556842,133.0,210.0,108.0
937,0.030075406032482595,133.0,210.0,108.0
938,0.03006380510440835,133.0,210.0,108.0
939,0.030052204176334103,133.0,210.0,108.0
940,0.030040603248259856,133.0,210.0,108.0
941,0.030029002320185613,133.0,210.0,108.0
942,0.030017401392111363,133.0,210.0,108.0
943,0.03000580046403712,133.0,210.0,108.0
944,0.029994199535962874,133.0,210.0,108.0
945,0.029982598607888628,133.0,210.0,108.0
946,0.02997099767981438,133.0,210.0,108.0
947,0.029959396751740135,132.0,210.0,108.0
948,0.02994779582366589,132.0,210.0,108.0
949,0.029936194895591642,132.0,210.0,108.0
950,0.0299245939675174,132.0,210.0,108.0
951,0.02991299303944315,132.0,210.0,108.0
952,0.029901392111368906,132.0,210.0,108.0
953,0.02988979118329466,132.0,210.0,108.0
954,0.029878190255220413,132.0,210.0,108.0
955,0.02986658932714617,132.0,210.0,108.0
956,0.02985498839907192,132.0,210.0,108.0
957,0.029843387470997677,132.0,210.0,108.0
958,0.029831786542923427,131.0,210.0,108.0
959,0.029820185614849185,131.0,210.0,108.0
960,0.029808584686774938,131.0,209.0,108.0
961,0.02979698375870069,131.0,209.0,108.0
962,0.02978538283062645,131.0,209.0,108.0
963,0.0297737819025522,131.0,209.0,108.0
964,0.029762180974477956,131.0,209.0,108.0
965,0.029750580046403706,131.0,209.0,108.0
966,0.029738979118329463,130.0,209.0,108.0
967,0.029727378190255217,130.0,209.0,108.0
968,0.02971577726218097,130.0,209.0,108.0
969,0.029704176334106727,130.0,209.0,108.0
970,0.029692575406032477,130.0,209.0,108.0
971,0.029680974477958234,130.0,209.0,108.0
972,0.029669373549883984,130.0,209.0,108.0
973,0.02965777262180974,130.0,209.0,108.0
974,0.029646171693735495,130.0,209.0,109.0
975,0.02963457076566125,129.0,209.0,109.0
976,0.029622969837587002,129.0,209.0,109.0
977,0.029611368909512756,129.0,209.0,109.0
978,0.029599767981438513,129.0,209.0,109.0
979,0.029588167053364263,129.0,209.0,109.0
980,0.02957656612529002,129.0,209.0,109.0
981,0.029564965197215774,129.0,209.0,109.0
982,0.029553364269141527,129.0,209.0,109.0
983,0.02954176334106728,129.0,209.0,109.0
984,0.029530162412993034,128.0,209.0,109.0
985,0.02951856148491879,128.0,209.0,109.0
986,0.02950696055684454,128.0,209.0,109.0
987,0.0294953596287703,128.0,208.0,109.0
988,0.029483758700696052,128.0,208.0,109.0
989,0.029472157772621806,128.0,208.0,109.0
990,0.02946055684454756,128.0,208.0,109.0
991,0.029448955916473313,128.0,208.0,109.0
992,0.02943735498839907,128.0,208.0,109.0
993,0.02942575406032482,127.0,208.0,109.0
994,0.029414153132250577,127.0,208.0,109.0
995,0.02940255220417633,127.0,208.0,109.0
996,0.029390951276102084,127.0,208.0,109.0
997,0.029379350348027838,127.0,208.0,109.0
998,0.02936774941995359,127.0,208.0,109.0
999,0.02935614849187935,127.0,208.0,109.0
1000,0.0293445475638051,127.0,208.0,109.0
1001,0.029332946635730855,126.0,208.0,109.0
1002,0.02932134570765661,126.0,208.0,109.0
1003,0.029309744779582363,126.0,208.0,109.0
1004,0.029298143851508116,126.0,208.0,109.0
1005,0.02928654292343387,126.0,208.0,110.0
1006,0.029274941995359627,126.0,208.0,110.0
1007,0.029263341067285377,126.0,208.0,110.0
1008,0.029251740139211134,126.0,208.0,110.0
1009,0.029240139211136888,126.0,208.0,110.0
1010,0.02922853828306264,125.0,208.0,110.0
1011,0.029216937354988395,125.0,208.0,110.0
1012,0.02920533642691415,125.0,208.0,110.0
1013,0.029193735498839905,125.0,208.0,110.0
1014,0.029182134570765655,125.0,208.0,110.0
1015,0.029170533642691412,125.0,207.0,110.0
1016,0.029158932714617166,125.0,207.0,110.0
1017,0.02914733178654292,125.0,207.0,110.0
1018,0.029135730858468673,125.0,207.0,110.0
1019,0.029124129930394427,124.0,207.0,110.0
1020,0.029112529002320184,124.0,207.0,110.0
1021,0.029100928074245934,124.0,207.0,110.0
1022,0.02908932714617169,124.0,207.0,110.0
1023,0.029077726218097445,124.0,207.0,110.0
1024,0.029066125290023198,124.0,207.0,110.0
1025,0.02905452436194895,124.0,207.0,110.0
1026,0.029042923433874705,124.0,207.0,110.0
1027,0.029031322505800462,123.0,207.0,110.0
1028,0.029019721577726212,123.0,207.0,110.0
1029,0.02900812064965197,123.0,207.0,110.0
1030,0.028996519721577723,123.0,207.0,110.0
1031,0.028984918793503477,123.0,207.0,110.0
1032,0.02897331786542923,123.0,207.0,110.0
1033,0.028961716937354984,123.0,207.0,110.0
1034,0.02895011600928074,123.0,207.0,110.0
1035,0.02893851508120649,123.0,207.0,110.0
1036,0.028926914153132248,122.0,207.0,110.0
1037,0.028915313225058,122.0,207.0,111.0
1038,0.028903712296983755,122.0,207.0,111.0
1039,0.02889211136890951,122.0,207.0,111.0
1040,0.028880510440835262,122.0,207.0,111.0
1041,0.02886890951276102,122.0,207.0,111.0
1042,0.02885730858468677,122.0,206.0,111.0
1043,0.028845707656612526,122.0,206.0,111.0
1044,0.02883410672853828,122.0,206.0,111.0
1045,0.028822505800464034,121.0,206.0,111.0
1046,0.028810904872389787,121.0,206.0,111.0
1047,0.02879930394431554,121.0,206.0,111.0
1048,0.028787703016241298,121.0,206.0,111.0
1049,0.028776102088167048,121.0,206.0,111.0
1050,0.028764501160092805,121.0,206.0,111.0
1051,0.02875290023201856,121.0,206.0,111.0
1052,0.028741299303944312,121.0,206.0,111.0
1053,0.028729698375870066,120.0,206.0,111.0
1054,0.02871809744779582,120.0,206.0,111.0
1055,0.028706496519721576,120.0,206.0,111.0
1056,0.028694895591647326,120.0,206.0,111.0
1057,0.028683294663573083,120.0,206.0,111.0
1058,0.028671693735498837,120.0,206.0,111.0
1059,0.02866009280742459,120.0,206.0,111.0
1060,0.028648491879350344,120.0,206.0,111.0
1061,0.028636890951276098,120.0,206.0,111.0
1062,0.028625290023201855,119.0,206.0,111.0
1063,0.028613689095127605,119.0,206.0,111.0
1064,0.028602088167053362,119.0,206.0,111.0
1065,0.028590487238979116,119.0,206.0,111.0
1066,0.02857888631090487,119.0,206.0,111.0
1067,0.028567285382830623,119.0,206.0,111.0
1068,0.028555684454756376,119.0,206.0,111.0
1069,0.028544083526682133,119.0,205.0,112.0
1070,0.028532482598607883,119.0,205.0,112.0
1071,0.02852088167053364,118.0,205.0,112.0
1072,0.028509280742459394,118.0,205.0,112.0
1073,0.028497679814385148,118.0,205.0,112.0
1074,0.0284860788863109,118.0,205.0,112.0
1075,0.028474477958236655,118.0,205.0,112.0
1076,0.028462877030162412,118.0,205.0,112.0
1077,0.028451276102088162,118.0,205.0,112.0
1078,0.02843967517401392,118.0,205.0,112.0
1079,0.02842807424593967,118.0,205.0,112.0
1080,0.028416473317865426,117.0,205.0,112.0
1081,0.02840487238979118,117.0,205.0,112.0
1082,0.028393271461716933,117.0,205.0,112.0
1083,0.02838167053364269,117.0,205.0,112.0
1084,0.02837006960556844,117.0,205.0,112.0
1085,0.028358468677494197,117.0,205.0,112.0
1086,0.028346867749419948,117.0,205.0,112.0
1087,0.028335266821345705,117.0,205.0,112.0
1088,0.028323665893271458,116.0,205.0,112.0
1089,0.02831206496519721,116.0,205.0,112.0
1090,0.02830046403712297,116.0,205.0,112.0
1091,0.02828886310904872,116.0,205.0,112.0
1092,0.028277262180974476,116.0,205.0,112.0
1093,0.028265661252900226,116.0,205.0,112.0
1094,0.028254060324825983,116.0,205.0,112.0
1095,0.028242459396751737,116.0,205.0,112.0
1096,0.02823085846867749,116.0,204.0,112.0
1097,0.028219257540603247,115.0,204.0,112.0
1098,0.028207656612528997,115.0,204.0,112.0
1099,0.028196055684454754,115.0,204.0,112.0
1100,0.028184454756380505,115.0,204.0,113.0
1101,0.02817285382830626,115.0,204.0,113.0
1102,0.028161252900232015,115.0,204.0,113.0
1103,0.02814965197215777,115.0,204.0,113.0
1104,0.028138051044083522,115.0,204.0,113.0
1105,0.028126450116009276,115.0,204.0,113.0
1106,0.028114849187935033,114.0,204.0,113.0
1107,0.028103248259860783,114.0,204.0,113.0
1108,0.02809164733178654,114.0,204.0,113.0
1109,0.028080046403712294,114.0,204.0,113.0
1110,0.028068445475638047,114.0,204.0,113.0
1111,0.0280568445475638,114.0,204.0,113.0
1112,0.028045243619489554,114.0,204.0,113.0
1113,0.02803364269141531,114.0,204.0,113.0
1114,0.02802204176334106,113.0,204.0,113.0
1115,0.02801044083526682,113.0,204.0,113.0
1116,0.027998839907192572,113.0,204.0,113.0
1117,0.027987238979118326,113.0,204.0,113.0
1118,0.02797563805104408,113.0,204.0,113.0
1119,0.027964037122969833,113.0,204.0,113.0
1120,0.02795243619489559,113.0,204.0,113.0
1121,0.02794083526682134,113.0,204.0,113.0
1122,0.027929234338747097,113.0,204.0,113.0
1123,0.02791763341067285,112.0,203.0,113.0
1124,0.027906032482598604,112.0,203.0,113.0
1125,0.027894431554524358,112.0,203.0,113.0
1126,0.02788283062645011,112.0,203.0,113.0
1127,0.02787122969837587,112.0,203.0,113.0
1128,0.02785962877030162,112.0,203.0,113.0
1129,0.027848027842227376,112.0,203.0,113.0
1130,0.02783642691415313,112.0,203.0,113.0
1131,0.027824825986078883,112.0,203.0,113.0
1132,0.027813225058004636,111.0,203.0,114.0
1133,0.02780162412993039,111.0,203.0,114.0
1134,0.027790023201856147,111.0,203.0,114.0
1135,0.027778422273781897,111.0,203.0,114.0
1136,0.027766821345707654,111.0,203.0,114.0
1137,0.027755220417633408,111.0,203.0,114.0
1138,0.02774361948955916,111.0,203.0,114.0
1139,0.027732018561484915,111.0,203.0,114.0
1140,0.02772041763341067,110.0,203.0,114.0
1141,0.027708816705336425,110.0,203.0,114.0
1142,0.027697215777262175,110.0,203.0,114.0
1143,0.027685614849187933,110.0,203.0,114.0
1144,0.027674013921113686,110.0,203.0,114.0
1145,0.02766241299303944,110.0,203.0,114.0
1146,0.027650812064965193,110.0,203.0,114.0
1147,0.027639211136890947,110.0,203.0,114.0
1148,0.027627610208816704,110.0,203.0,114.0
1149,0.027616009280742454,109.0,203.0,114.0
1150,0.02760440835266821,109.0,202.0,114.0
1151,0.027592807424593965,109.0,202.0,114.0
1152,0.027581206496519718,109.0,202.0,114.0
1153,0.027569605568445472,109.0,202.0,114.0
1154,0.027558004640371225,109.0,202.0,114.0
1155,0.027546403712296982,109.0,202.0,114.0
1156,0.027534802784222732,109.0,202.0,114.0
1157,0.02752320185614849,109.0,202.0,114.0
1158,0.027511600928074243,108.0,202.0,114.0
1159,0.027499999999999997,108.0,202.0,114.0
1160,0.02748839907192575,108.0,202.0,114.0
1161,0.027476798143851504,108.0,202.0,114.0
1162,0.02746519721577726,108.0,202.0,114.0
1163,0.02745359628770301,108.0,202.0,114.0
1164,0.027441995359628768,108.0,202.0,115.0
1165,0.02743039443155452,108.0,202.0,115.0
1166,0.027418793503480275,108.0,202.0,115.0
1167,0.02740719257540603,107.0,202.0,115.0
1168,0.027395591647331782,107.0,202.0,115.0
1169,0.02738399071925754,107.0,202.0,115.0
1170,0.02737238979118329,107.0,202.0,115.0
1171,0.027360788863109047,107.0,202.0,115.0
1172,0.0273491879350348,107.0,202.0,115.0
1173,0.027337587006960554,107.0,202.0,115.0
1174,0.027325986078886307,107.0,202.0,115.0
1175,0.02731438515081206,106.0,202.0,115.0
1176,0.027302784222737818,106.0,202.0,115.0
1177,0.027291183294663568,106.0,201.0,115.0
1178,0.027279582366589325,106.0,201.0,115.0
1179,0.02726798143851508,106.0,201.0,115.0
1180,0.027256380510440832,106.0,201.0,115.0
1181,0.027244779582366586,106.0,201.0,115.0
1182,0.02723317865429234,106.0,201.0,115.0
1183,0.027221577726218096,106.0,201.0,115.0
1184,0.027209976798143846,105.0,201.0,115.0
1185,0.027198375870069603,105.0,201.0,115.0
1186,0.027186774941995357,105.0,201.0,115.0
1187,0.02717517401392111,105.0,201.0,115.0
1188,0.027163573085846864,105.0,201.0,115.0
1189,0.027151972157772618,105.0,201.0,115.0
1190,0.027140371229698375,105.0,201.0,115.0
1191,0.027128770301624125,105.0,201.0,115.0
1192,0.027117169373549882,105.0,201.0,115.0
1193,0.027105568445475636,104.0,201.0,115.0
1194,0.02709396751740139,104.0,201.0,115.0
1195,0.027082366589327143,104.0,201.0,115.0
1196,0.027070765661252896,104.0,201.0,116.0
1197,0.027059164733178653,104.0,201.0,116.0
1198,0.027047563805104403,104.0,201.0,116.0
1199,0.02703596287703016,104.0,201.0,116.0
1200,0.027024361948955914,104.0,201.0,116.0
1201,0.027012761020881668,103.0,201.0,116.0
1202,0.02700116009280742,103.0,201.0,116.0
1203,0.026989559164733175,103.0,201.0,116.0
1204,0.026977958236658932,103.0,200.0,116.0
1205,0.026966357308584682,103.0,200.0,116.0
1206,0.02695475638051044,103.0,200.0,116.0
1207,0.02694315545243619,103.0,200.0,116.0
1208,0.026931554524361946,103.0,200.0,116.0
1209,0.0269199535962877,103.0,200.0,116.0
1210,0.026908352668213453,102.0,200.0,116.0
1211,0.02689675174013921,102.0,200.0,116.0
1212,0.02688515081206496,102.0,200.0,116.0
1213,0.026873549883990717,102.0,200.0,116.0
1214,0.026861948955916468,102.0,200.0,116.0
1215,0.026850348027842225,102.0,200.0,116.0
1216,0.026838747099767978,102.0,200.0,116.0
1217,0.026827146171693732,102.0,200.0,116.0
1218,0.02681554524361949,102.0,200.0,116.0
1219,0.02680394431554524,101.0,200.0,116.0
1220,0.026792343387470996,101.0,200.0,116.0
1221,0.026780742459396746,101.0,200.0,116.0
1222,0.026769141531322503,101.0,200.0,116.0
1223,0.026757540603248257,101.0,200.0,116.0
1224,0.02674593967517401,101.0,200.0,116.0
1225,0.026734338747099767,101.0,200.0,116.0
1226,0.026722737819025517,101.0,200.0,116.0
1227,0.026711136890951274,100.0,200.0,117.0
1228,0.026699535962877025,100.0,200.0,117.0
1229,0.02668793503480278,100.0,200.0,117.0
1230,0.026676334106728535,100.0,200.0,117.0
1231,0.02666473317865429,100.0,199.0,117.0
1232,0.026653132250580042,100.0,199.0,117.0
1233,0.026641531322505796,100.0,199.0,117.0
1234,0.026629930394431553,100.0,199.0,117.0
1235,0.026618329466357303,100.0,199.0,117.0
1236,0.02660672853828306,99.0,199.0,117.0
1237,0.026595127610208814,99.0,199.0,117.0
1238,0.026583526682134567,99.0,199.0,117.0
1239,0.02657192575406032,99.0,199.0,117.0
1240,0.026560324825986074,99.0,199.0,117.0
1241,0.02654872389791183,99.0,199.0,117.0
1242,0.02653712296983758,99.0,199.0,117.0
1243,0.02652552204176334,99.0,199.0,117.0
1244,0.026513921113689092,99.0,199.0,117.0
1245,0.026502320185614846,98.0,199.0,117.0
1246,0.0264907192575406,98.0,199.0,117.0
1247,0.026479118329466353,98.0,199.0,117.0
1248,0.02646751740139211,98.0,199.0,117.0
1249,0.02645591647331786,98.0,199.0,117.0
1250,0.026444315545243617,98.0,199.0,117.0
1251,0.02643271461716937,98.0,199.0,117.0
1252,0.026421113689095124,98.0,199.0,117.0
1253,0.026409512761020878,97.0,199.0,117.0
1254,0.02639791183294663,97.0,199.0,117.0
1255,0.02638631090487239,97.0,199.0,117.0
1256,0.02637470997679814,97.0,199.0,117.0
1257,0.026363109048723896,97.0,199.0,117.0
1258,0.02635150812064965,97.0,199.0,117.0
1259,0.026339907192575403,97.0,198.0,118.0
1260,0.026328306264501156,97.0,198.0,118.0
1261,0.02631670533642691,97.0,198.0,118.0
1262,0.026305104408352667,96.0,198.0,118.0
1263,0.026293503480278417,96.0,198.0,118.0
1264,0.026281902552204174,96.0,198.0,118.0
1265,0.026270301624129928,96.0,198.0,118.0
1266,0.02625870069605568,96.0,198.0,118.0
1267,0.026247099767981435,96.0,198.0,118.0
1268,0.02623549883990719,96.0,198.0,118.0
1269,0.026223897911832945,96.0,198.0,118.0
1270,0.026212296983758696,96.0,198.0,118.0
1271,0.026200696055684453,95.0,198.0,118.0
1272,0.026189095127610206,95.0,198.0,118.0
1273,0.02617749419953596,95.0,198.0,118.0
1274,0.026165893271461713,95.0,198.0,118.0
1275,0.026154292343387467,95.0,198.0,118.0
1276,0.026142691415313224,95.0,198.0,118.0
1277,0.026131090487238974,95.0,198.0,118.0
1278,0.02611948955916473,95.0,198.0,118.0
1279,0.026107888631090485,95.0,198.0,118.0
1280,0.026096287703016238,94.0,198.0,118.0
1281,0.026084686774941992,94.0,198.0,118.0
1282,0.026073085846867745,94.0,198.0,118.0
1283,0.026061484918793502,94.0,198.0,118.0
1284,0.026049883990719253,94.0,198.0,118.0
1285,0.02603828306264501,94.0,198.0,118.0
1286,0.026026682134570763,94.0,197.0,118.0
1287,0.026015081206496517,94.0,197.0,118.0
1288,0.02600348027842227,93.0,197.0,118.0
1289,0.025991879350348024,93.0,197.0,118.0
1290,0.02598027842227378,93.0,197.0,118.0
1291,0.02596867749419953,93.0,197.0,119.0
1292,0.025957076566125288,93.0,197.0,119.0
1293,0.02594547563805104,93.0,197.0,119.0
1294,0.025933874709976795,93.0,197.0,119.0
1295,0.02592227378190255,93.0,197.0,119.0
1296,0.025910672853828302,93.0,197.0,119.0
1297,0.02589907192575406,92.0,197.0,119.0
1298,0.02588747099767981,92.0,197.0,119.0
1299,0.025875870069605567,92.0,197.0,119.0
1300,0.02586426914153132,92.0,197.0,119.0
1301,0.025852668213457074,92.0,197.0,119.0
1302,0.025841067285382827,92.0,197.0,119.0
1303,0.02582946635730858,92.0,197.0,119.0
1304,0.025817865429234338,92.0,197.0,119.0
1305,0.025806264501160088,92.0,197.0,119.0
1306,0.025794663573085845,91.0,197.0,119.0
1307,0.0257830626450116,91.0,197.0,119.0
1308,0.025771461716937352,91.0,197.0,119.0
1309,0.025759860788863106,91.0,197.0,119.0
1310,0.02574825986078886,91.0,197.0,119.0
1311,0.025736658932714616,91.0,197.0,119.0
1312,0.025725058004640367,91.0,196.0,119.0
1313,0.025713457076566124,91.0,196.0,119.0
1314,0.025701856148491877,91.0,196.0,119.0
1315,0.02569025522041763,90.0,196.0,119.0
1316,0.025678654292343384,90.0,196.0,119.0
1317,0.025667053364269138,90.0,196.0,119.0
1318,0.025655452436194895,90.0,196.0,119.0
1319,0.025643851508120645,90.0,196.0,119.0
1320,0.025632250580046402,90.0,196.0,119.0
1321,0.025620649651972156,90.0,196.0,119.0
1322,0.02560904872389791,90.0,196.0,119.0
1323,0.025597447795823663,90.0,196.0,120.0
1324,0.025585846867749416,90.0,196.0,120.0
1325,0.025574245939675173,89.0,196.0,120.0
1326,0.025562645011600924,89.0,196.0,120.0
1327,0.02555104408352668,89.0,196.0,120.0
1328,0.025539443155452434,89.0,196.0,120.0
1329,0.025527842227378188,89.0,196.0,120.0
1330,0.02551624129930394,89.0,196.0,120.0
1331,0.025504640371229695,89.0,196.0,120.0
1332,0.025493039443155452,89.0,196.0,120.0
1333,0.025481438515081202,89.0,196.0,120.0
1334,0.02546983758700696,88.0,196.0,120.0
1335,0.02545823665893271,88.0,196.0,120.0
1336,0.025446635730858466,88.0,196.0,120.0
1337,0.02543503480278422,88.0,195.0,120.0
1338,0.025423433874709973,88.0,195.0,120.0
1339,0.02541183294663573,88.0,195.0,120.0
1340,0.02540023201856148,88.0,195.0,120.0
1341,0.025388631090487238,88.0,195.0,120.0
1342,0.025377030162412988,88.0,195.0,120.0
1343,0.025365429234338745,87.0,195.0,120.0
1344,0.0253538283062645,87.0,195.0,120.0
1345,0.025342227378190252,87.0,195.0,120.0
1346,0.02533062645011601,87.0,195.0,120.0
1347,0.02531902552204176,87.0,195.0,120.0
1348,0.025307424593967516,87.0,195.0,120.0
1349,0.02529582366589327,87.0,195.0,120.0
1350,0.025284222737819023,87.0,195.0,120.0
1351,0.025272621809744777,87.0,195.0,120.0
1352,0.02526102088167053,86.0,195.0,120.0
1353,0.025249419953596284,86.0,195.0,120.0
1354,0.025237819025522037,86.0,195.0,120.0
1355,0.025226218097447795,86.0,195.0,120.0
1356,0.025214617169373548,86.0,195.0,121.0
1357,0.0252030162412993,86.0,195.0,121.0
1358,0.025191415313225055,86.0,195.0,121.0
1359,0.02517981438515081,86.0,195.0,121.0
1360,0.025168213457076562,86.0,195.0,121.0
1361,0.025156612529002316,85.0,195.0,121.0
1362,0.025145011600928073,85.0,195.0,121.0
1363,0.025133410672853827,85.0,194.0,121.0
1364,0.02512180974477958,85.0,194.0,121.0
1365,0.025110208816705334,85.0,194.0,121.0
1366,0.025098607888631087,85.0,194.0,121.0
1367,0.02508700696055684,85.0,194.0,121.0
1368,0.025075406032482594,85.0,194.0,121.0
1369,0.02506380510440835,85.0,194.0,121.0
1370,0.025052204176334105,85.0,194.0,121.0
1371,0.02504060324825986,84.0,194.0,121.0
1372,0.025029002320185612,84.0,194.0,121.0
1373,0.025017401392111366,84.0,194.0,121.0
1374,0.02500580046403712,84.0,194.0,121.0
1375,0.024994199535962873,84.0,194.0,121.0
1376,0.02498259860788863,84.0,194.0,121.0
1377,0.024970997679814384,84.0,194.0,121.0
1378,0.024959396751740137,84.0,194.0,121.0
1379,0.02494779582366589,84.0,194.0,121.0
1380,0.024936194895591644,83.0,194.0,121.0
1381,0.024924593967517398,83.0,194.0,121.0
1382,0.02491299303944315,83.0,194.0,121.0
1383,0.024901392111368905,83.0,194.0,121.0
1384,0.024889791183294662,83.0,194.0,121.0
1385,0.024878190255220416,83.0,194.0,121.0
1386,0.02486658932714617,83.0,194.0,121.0
1387,0.024854988399071923,83.0,193.0,121.0
1388,0.024843387470997676,83.0,193.0,121.0
1389,0.02483178654292343,83.0,193.0,122.0
1390,0.024820185614849184,83.0,193.0,122.0
1391,0.02480858468677494,83.0,193.0,122.0
1392,0.024796983758700694,82.0,193.0,122.0
1393,0.024785382830626448,82.0,193.0,122.0
1394,0.0247737819025522,82.0,193.0,122.0
1395,0.024762180974477955,82.0,193.0,122.0
1396,0.02475058004640371,82.0,193.0,122.0
1397,0.024738979118329462,82.0,193.0,122.0
1398,0.02472737819025522,82.0,193.0,122.0
1399,0.024715777262180973,82.0,193.0,122.0
1400,0.024704176334106726,82.0,193.0,122.0
1401,0.02469257540603248,82.0,193.0,122.0
1402,0.024680974477958233,82.0,193.0,122.0
1403,0.024669373549883987,82.0,193.0,122.0
1404,0.02465777262180974,82.0,193.0,122.0
1405,0.024646171693735498,81.0,193.0,122.0
1406,0.02463457076566125,81.0,192.0,122.0
1407,0.024622969837587005,81.0,192.0,122.0
1408,0.02461136890951276,81.0,192.0,122.0
1409,0.024599767981438512,81.0,192.0,122.0
1410,0.024588167053364265,81.0,192.0,122.0
1411,0.02457656612529002,81.0,192.0,122.0
1412,0.024564965197215776,81.0,192.0,122.0
1413,0.02455336426914153,81.0,192.0,122.0
1414,0.024541763341067283,81.0,192.0,122.0
1415,0.024530162412993037,81.0,192.0,122.0
1416,0.02451856148491879,81.0,192.0,122.0
1417,0.024506960556844544,81.0,192.0,122.0
1418,0.024495359628770298,81.0,192.0,122.0
1419,0.024483758700696055,80.0,192.0,122.0
1420,0.024472157772621808,80.0,192.0,122.0
1421,0.02446055684454756,80.0,192.0,122.0
1422,0.024448955916473315,80.0,192.0,122.0
1423,0.02443735498839907,80.0,192.0,122.0
1424,0.024425754060324822,80.0,192.0,122.0
1425,0.024414153132250576,80.0,192.0,122.0
1426,0.024402552204176333,80.0,191.0,122.0
1427,0.024390951276102087,80.0,191.0,122.0
1428,0.02437935034802784,80.0,191.0,123.0
1429,0.024367749419953594,80.0,191.0,123.0
1430,0.024356148491879347,80.0,191.0,123.0
1431,0.0243445475638051,80.0,191.0,123.0
1432,0.024332946635730855,80.0,191.0,123.0
1433,0.02432134570765661,79.0,191.0,123.0
1434,0.024309744779582365,79.0,191.0,123.0
1435,0.02429814385150812,79.0,191.0,123.0
1436,0.024286542923433872,79.0,191.0,123.0
1437,0.024274941995359626,79.0,191.0,123.0
1438,0.02426334106728538,79.0,191.0,123.0
1439,0.024251740139211133,79.0,191.0,123.0
1440,0.024240139211136887,79.0,191.0,123.0
1441,0.024228538283062644,79.0,191.0,123.0
1442,0.024216937354988397,79.0,191.0,123.0
1443,0.02420533642691415,79.0,191.0,123.0
1444,0.024193735498839904,79.0,191.0,123.0
1445,0.024182134570765658,79.0,190.0,123.0
1446,0.02417053364269141,78.0,190.0,123.0
1447,0.024158932714617165,78.0,190.0,123.0
1448,0.024147331786542922,78.0,190.0,123.0
1449,0.024135730858468676,78.0,190.0,123.0
1450,0.02412412993039443,78.0,190.0,123.0
1451,0.024112529002320183,78.0,190.0,123.0
1452,0.024100928074245936,78.0,190.0,123.0
1453,0.02408932714617169,78.0,190.0,123.0
1454,0.024077726218097444,78.0,190.0,123.0
1455,0.0240661252900232,78.0,190.0,123.0
1456,0.024054524361948954,78.0,190.0,123.0
1457,0.024042923433874708,78.0,190.0,123.0
1458,0.02403132250580046,78.0,190.0,123.0
1459,0.024019721577726215,78.0,190.0,123.0
1460,0.02400812064965197,77.0,190.0,123.0
1461,0.023996519721577722,77.0,190.0,123.0
1462,0.02398491879350348,77.0,190.0,123.0
1463,0.023973317865429233,77.0,190.0,123.0
1464,0.023961716937354986,77.0,189.0,123.0
1465,0.02395011600928074,77.0,189.0,123.0
1466,0.023938515081206493,77.0,189.0,123.0
1467,0.023926914153132247,77.0,189.0,123.0
1468,0.023915313225058,77.0,189.0,124.0
1469,0.023903712296983758,77.0,189.0,124.0
1470,0.02389211136890951,77.0,189.0,124.0
1471,0.023880510440835265,77.0,189.0,124.0
1472,0.02386890951276102,77.0,189.0,124.0
1473,0.023857308584686772,77.0,189.0,124.0
1474,0.023845707656612525,76.0,189.0,124.0
1475,0.02383410672853828,76.0,189.0,124.0
1476,0.023822505800464036,76.0,189.0,124.0
1477,0.02381090487238979,76.0,189.0,124.0
1478,0.023799303944315543,76.0,189.0,124.0
1479,0.023787703016241297,76.0,189.0,124.0
1480,0.02377610208816705,76.0,189.0,124.0
1481,0.023764501160092804,76.0,189.0,124.0
1482,0.023752900232018558,76.0,189.0,124.0
1483,0.023741299303944315,76.0,188.0,124.0
1484,0.023729698375870068,76.0,188.0,124.0
1485,0.023718097447795822,76.0,188.0,124.0
1486,0.023706496519721575,76.0,188.0,124.0
1487,0.02369489559164733,75.0,188.0,124.0
1488,0.023683294663573082,75.0,188.0,124.0
1489,0.023671693735498836,75.0,188.0,124.0
1490,0.023660092807424593,75.0,188.0,124.0
1491,0.023648491879350347,75.0,188.0,124.0
1492,0.0236368909512761,75.0,188.0,124.0
1493,0.023625290023201854,75.0,188.0,124.0
1494,0.023613689095127607,75.0,188.0,124.0
1495,0.02360208816705336,75.0,188.0,124.0
1496,0.023590487238979115,75.0,188.0,124.0
1497,0.02357888631090487,75.0,188.0,124.0
1498,0.023567285382830625,75.0,188.0,124.0
1499,0.02355568445475638,75.0,188.0,124.0
1500,0.023544083526682132,75.0,188.0,124.0
1501,0.023532482598607886,74.0,188.0,124.0
1502,0.02352088167053364,74.0,187.0,124.0
1503,0.023509280742459393,74.0,187.0,124.0
1504,0.02349767981438515,74.0,187.0,124.0
1505,0.023486078886310904,74.0,187.0,124.0
1506,0.023474477958236657,74.0,187.0,124.0
1507,0.02346287703016241,74.0,187.0,125.0
1508,0.023451276102088164,74.0,187.0,125.0
1509,0.023439675174013918,74.0,187.0,125.0
1510,0.02342807424593967,74.0,187.0,125.0
1511,0.023416473317865425,74.0,187.0,125.0
1512,0.023404872389791182,74.0,187.0,125.0
1513,0.023393271461716936,74.0,187.0,125.0
1514,0.02338167053364269,74.0,187.0,125.0
1515,0.023370069605568443,73.0,187.0,125.0
1516,0.023358468677494196,73.0,187.0,125.0
1517,0.02334686774941995,73.0,187.0,125.0
1518,0.023335266821345704,73.0,187.0,125.0
1519,0.02332366589327146,73.0,187.0,125.0
1520,0.023312064965197214,73.0,187.0,125.0
1521,0.023300464037122968,73.0,186.0,125.0
1522,0.02328886310904872,73.0,186.0,125.0
1523,0.023277262180974475,73.0,186.0,125.0
1524,0.02326566125290023,73.0,186.0,125.0
1525,0.023254060324825982,73.0,186.0,125.0
1526,0.02324245939675174,73.0,186.0,125.0
1527,0.023230858468677493,73.0,186.0,125.0
1528,0.023219257540603246,72.0,186.0,125.0
1529,0.023207656612529,72.0,186.0,125.0
1530,0.023196055684454753,72.0,186.0,125.0
1531,0.023184454756380507,72.0,186.0,125.0
1532,0.02317285382830626,72.0,186.0,125.0
1533,0.023161252900232018,72.0,186.0,125.0
1534,0.02314965197215777,72.0,186.0,125.0
1535,0.023138051044083525,72.0,186.0,125.0
1536,0.02312645011600928,72.0,186.0,125.0
1537,0.023114849187935032,72.0,186.0,125.0
1538,0.023103248259860786,72.0,186.0,125.0
1539,0.02309164733178654,72.0,186.0,125.0
1540,0.023080046403712296,72.0,186.0,125.0
1541,0.02306844547563805,72.0,185.0,125.0
1542,0.023056844547563803,71.0,185.0,125.0
1543,0.023045243619489557,71.0,185.0,125.0
1544,0.02303364269141531,71.0,185.0,125.0
1545,0.023022041763341064,71.0,185.0,125.0
1546,0.023010440835266818,71.0,185.0,126.0
1547,0.022998839907192575,71.0,185.0,126.0
1548,0.022987238979118328,71.0,185.0,126.0
1549,0.022975638051044082,71.0,185.0,126.0
1550,0.022964037122969835,71.0,185.0,126.0
1551,0.02295243619489559,71.0,185.0,126.0
1552,0.022940835266821342,71.0,185.0,126.0
1553,0.022929234338747096,71.0,185.0,126.0
1554,0.022917633410672853,71.0,185.0,126.0
1555,0.022906032482598607,71.0,185.0,126.0
1556,0.02289443155452436,70.0,185.0,126.0
1557,0.022882830626450114,70.0,185.0,126.0
1558,0.022871229698375867,70.0,185.0,126.0
1559,0.02285962877030162,70.0,185.0,126.0
1560,0.022848027842227375,70.0,184.0,126.0
1561,0.02283642691415313,70.0,184.0,126.0
1562,0.022824825986078885,70.0,184.0,126.0
1563,0.02281322505800464,70.0,184.0,126.0
1564,0.022801624129930392,70.0,184.0,126.0
1565,0.022790023201856146,70.0,184.0,126.0
1566,0.0227784222737819,70.0,184.0,126.0
1567,0.022766821345707653,70.0,184.0,126.0
1568,0.022755220417633407,70.0,184.0,126.0
1569,0.022743619489559164,70.0,184.0,126.0
1570,0.022732018561484917,69.0,184.0,126.0
1571,0.02272041763341067,69.0,184.0,126.0
1572,0.022708816705336424,69.0,184.0,126.0
1573,0.022697215777262178,69.0,184.0,126.0
1574,0.02268561484918793,69.0,184.0,126.0
1575,0.022674013921113685,69.0,184.0,126.0
1576,0.022662412993039442,69.0,184.0,126.0
1577,0.022650812064965196,69.0,184.0,126.0
1578,0.02263921113689095,69.0,184.0,126.0
1579,0.022627610208816703,69.0,183.0,126.0
1580,0.022616009280742456,69.0,183.0,126.0
1581,0.02260440835266821,69.0,183.0,126.0
1582,0.022592807424593964,69.0,183.0,126.0
1583,0.02258120649651972,68.0,183.0,126.0
1584,0.022569605568445474,68.0,183.0,126.0
1585,0.022558004640371228,68.0,183.0,127.0
1586,0.02254640371229698,68.0,183.0,127.0
1587,0.022534802784222735,68.0,183.0,127.0
1588,0.02252320185614849,68.0,183.0,127.0
1589,0.022511600928074242,68.0,183.0,127.0
1590,0.0225,68.0,183.0,127.0
1591,0.022488399071925753,68.0,183.0,127.0
1592,0.022476798143851506,68.0,183.0,127.0
1593,0.02246519721577726,68.0,183.0,127.0
1594,0.022453596287703013,68.0,183.0,127.0
1595,0.022441995359628767,68.0,183.0,127.0
1596,0.02243039443155452,68.0,183.0,127.0
1597,0.022418793503480278,67.0,183.0,127.0
1598,0.02240719257540603,67.0,182.0,127.0
1599,0.022395591647331785,67.0,182.0,127.0
1600,0.02238399071925754,67.0,182.0,127.0
1601,0.022372389791183292,67.0,182.0,127.0
1602,0.022360788863109046,67.0,182.0,127.0
1603,0.0223491879350348,67.0,182.0,127.0
1604,0.022337587006960556,67.0,182.0,127.0
1605,0.02232598607888631,67.0,182.0,127.0
1606,0.022314385150812063,67.0,182.0,127.0
1607,0.022302784222737817,67.0,182.0,127.0
1608,0.02229118329466357,67.0,182.0,127.0
1609,0.022279582366589324,67.0,182.0,127.0
1610,0.022267981438515078,67.0,182.0,127.0
1611,0.022256380510440835,66.0,182.0,127.0
1612,0.022244779582366588,66.0,182.0,127.0
1613,0.022233178654292342,66.0,182.0,127.0
1614,0.022221577726218095,66.0,182.0,127.0
1615,0.02220997679814385,66.0,182.0,127.0
1616,0.022198375870069603,66.0,182.0,127.0
1617,0.022186774941995356,66.0,181.0,127.0
1618,0.022175174013921113,66.0,181.0,127.0
1619,0.022163573085846867,66.0,181.0,127.0
1620,0.02215197215777262,66.0,181.0,127.0
1621,0.022140371229698374,66.0,181.0,127.0
1622,0.022128770301624127,66.0,181.0,127.0
1623,0.02211716937354988,66.0,181.0,127.0
1624,0.022105568445475635,65.0,181.0,128.0
1625,0.02209396751740139,65.0,181.0,128.0
1626,0.022082366589327145,65.0,181.0,128.0
1627,0.0220707656612529,65.0,181.0,128.0
1628,0.022059164733178652,65.0,181.0,128.0
1629,0.022047563805104406,65.0,181.0,128.0
1630,0.02203596287703016,65.0,181.0,128.0
1631,0.022024361948955913,65.0,181.0,128.0
1632,0.02201276102088167,65.0,181.0,128.0
1633,0.022001160092807424,65.0,181.0,128.0
1634,0.021989559164733177,65.0,181.0,128.0
1635,0.02197795823665893,65.0,181.0,128.0
1636,0.021966357308584684,65.0,181.0,128.0
1637,0.021954756380510438,65.0,180.0,128.0
1638,0.02194315545243619,64.0,180.0,128.0
1639,0.021931554524361945,64.0,180.0,128.0
1640,0.021919953596287702,64.0,180.0,128.0
1641,0.021908352668213456,64.0,180.0,128.0
1642,0.02189675174013921,64.0,180.0,128.0
1643,0.021885150812064963,64.0,180.0,128.0
1644,0.021873549883990717,64.0,180.0,128.0
1645,0.02186194895591647,64.0,180.0,128.0
1646,0.021850348027842224,64.0,180.0,128.0
1647,0.02183874709976798,64.0,180.0,128.0
1648,0.021827146171693734,64.0,180.0,128.0
1649,0.021815545243619488,64.0,180.0,128.0
1650,0.02180394431554524,64.0,180.0,128.0
1651,0.021792343387470995,64.0,180.0,128.0
1652,0.02178074245939675,63.0,180.0,128.0
1653,0.021769141531322502,63.0,180.0,128.0
1654,0.02175754060324826,63.0,180.0,128.0
1655,0.021745939675174013,63.0,180.0,128.0
1656,0.021734338747099766,63.0,179.0,128.0
1657,0.02172273781902552,63.0,179.0,128.0
1658,0.021711136890951273,63.0,179.0,128.0
1659,0.021699535962877027,63.0,179.0,128.0
1660,0.02168793503480278,63.0,179.0,128.0
1661,0.021676334106728538,63.0,179.0,128.0
1662,0.02166473317865429,63.0,179.0,128.0
1663,0.021653132250580045,63.0,179.0,129.0
1664,0.0216415313225058,63.0,179.0,129.0
1665,0.021629930394431552,62.0,179.0,129.0
1666,0.021618329466357306,62.0,179.0,129.0
1667,0.02160672853828306,62.0,179.0,129.0
1668,0.021595127610208816,62.0,179.0,129.0
1669,0.02158352668213457,62.0,179.0,129.0
1670,0.021571925754060323,62.0,179.0,129.0
1671,0.021560324825986077,62.0,179.0,129.0
1672,0.02154872389791183,62.0,179.0,129.0
1673,0.021537122969837584,62.0,179.0,129.0
1674,0.021525522041763338,62.0,179.0,129.0
1675,0.021513921113689095,62.0,178.0,129.0
1676,0.021502320185614848,62.0,178.0,129.0
1677,0.021490719257540602,62.0,178.0,129.0
1678,0.021479118329466355,62.0,178.0,129.0
1679,0.02146751740139211,61.0,178.0,129.0
1680,0.021455916473317863,61.0,178.0,129.0
1681,0.021444315545243616,61.0,178.0,129.0
1682,0.021432714617169373,61.0,178.0,129.0
1683,0.021421113689095127,61.0,178.0,129.0
1684,0.02140951276102088,61.0,178.0,129.0
1685,0.021397911832946634,61.0,178.0,129.0
1686,0.021386310904872387,61.0,178.0,129.0
1687,0.02137470997679814,61.0,178.0,129.0
1688,0.021363109048723895,61.0,178.0,129.0
1689,0.02135150812064965,61.0,178.0,129.0
1690,0.021339907192575405,61.0,178.0,129.0
1691,0.02132830626450116,61.0,178.0,129.0
1692,0.021316705336426912,61.0,178.0,129.0
1693,0.021305104408352666,60.0,178.0,129.0
1694,0.02129350348027842,60.0,177.0,129.0
1695,0.021281902552204173,60.0,177.0,129.0
1696,0.021270301624129927,60.0,177.0,129.0
1697,0.021258700696055684,60.0,177.0,129.0
1698,0.021247099767981437,60.0,177.0,129.0
1699,0.02123549883990719,60.0,177.0,129.0
1700,0.021223897911832944,60.0,177.0,129.0
1701,0.021212296983758698,60.0,177.0,129.0
1702,0.02120069605568445,60.0,177.0,130.0
1703,0.021189095127610205,60.0,177.0,130.0
1704,0.021177494199535962,60.0,177.0,130.0
1705,0.021165893271461716,60.0,177.0,130.0
1706,0.02115429234338747,59.0,177.0,130.0
1707,0.021142691415313223,59.0,177.0,130.0
1708,0.021131090487238977,59.0,177.0,130.0
1709,0.02111948955916473,59.0,177.0,130.0
1710,0.021107888631090484,59.0,177.0,130.0
1711,0.02109628770301624,59.0,177.0,130.0
1712,0.021084686774941994,59.0,177.0,130.0
1713,0.021073085846867748,59.0,176.0,130.0
1714,0.0210614849187935,59.0,176.0,130.0
1715,0.021049883990719255,59.0,176.0,130.0
1716,0.02103828306264501,59.0,176.0,130.0
1717,0.021026682134570762,59.0,176.0,130.0
1718,0.02101508120649652,59.0,176.0,130.0
1719,0.021003480278422273,59.0,176.0,130.0
1720,0.020991879350348026,58.0,176.0,130.0
1721,0.02098027842227378,58.0,176.0,130.0
1722,0.020968677494199534,58.0,176.0,130.0
1723,0.020957076566125287,58.0,176.0,130.0
1724,0.02094547563805104,58.0,176.0,130.0
1725,0.020933874709976798,58.0,176.0,130.0
1726,0.02092227378190255,58.0,176.0,130.0
1727,0.020910672853828305,58.0,176.0,130.0
1728,0.02089907192575406,58.0,176.0,130.0
1729,0.020887470997679812,58.0,176.0,130.0
1730,0.020875870069605566,58.0,176.0,130.0
1731,0.02086426914153132,58.0,176.0,130.0
1732,0.020852668213457076,58.0,175.0,130.0
1733,0.02084106728538283,58.0,175.0,130.0
1734,0.020829466357308583,57.0,175.0,130.0
1735,0.020817865429234337,57.0,175.0,130.0
1736,0.02080626450116009,57.0,175.0,130.0
1737,0.020794663573085844,57.0,175.0,130.0
1738,0.020783062645011598,57.0,175.0,130.0
1739,0.020771461716937355,57.0,175.0,130.0
1740,0.02075986078886311,57.0,175.0,130.0
1741,0.020748259860788862,57.0,175.0,131.0
1742,0.020736658932714615,57.0,175.0,131.0
1743,0.02072505800464037,57.0,175.0,131.0
1744,0.020713457076566123,57.0,175.0,131.0
1745,0.020701856148491876,57.0,175.0,131.0
1746,0.020690255220417633,57.0,175.0,131.0
1747,0.020678654292343387,57.0,175.0,131.0
1748,0.02066705336426914,56.0,175.0,131.0
1749,0.020655452436194894,56.0,175.0,131.0
1750,0.020643851508120648,56.0,175.0,131.0
1751,0.0206322505800464,56.0,175.0,131.0
1752,0.020620649651972155,56.0,174.0,131.0
1753,0.02060904872389791,56.0,174.0,131.0
1754,0.020597447795823665,56.0,174.0,131.0
1755,0.02058584686774942,56.0,174.0,131.0
1756,0.020574245939675172,56.0,174.0,131.0
1757,0.020562645011600926,56.0,174.0,131.0
1758,0.02055104408352668,56.0,174.0,131.0
1759,0.020539443155452433,56.0,174.0,131.0
1760,0.02052784222737819,56.0,174.0,131.0
1761,0.020516241299303944,55.0,174.0,131.0
1762,0.020504640371229697,55.0,174.0,131.0
1763,0.02049303944315545,55.0,174.0,131.0
1764,0.020481438515081204,55.0,174.0,131.0
1765,0.020469837587006958,55.0,174.0,131.0
1766,0.02045823665893271,55.0,174.0,131.0
1767,0.020446635730858465,55.0,174.0,131.0
1768,0.020435034802784222,55.0,174.0,131.0
1769,0.020423433874709976,55.0,174.0,131.0
1770,0.02041183294663573,55.0,174.0,131.0
1771,0.020400232018561483,55.0,173.0,131.0
1772,0.020388631090487237,55.0,173.0,131.0
1773,0.02037703016241299,55.0,173.0,131.0
1774,0.020365429234338744,55.0,173.0,131.0
1775,0.0203538283062645,54.0,173.0,131.0
1776,0.020342227378190254,54.0,173.0,131.0
1777,0.020330626450116008,54.0,173.0,131.0
1778,0.02031902552204176,54.0,173.0,131.0
1779,0.020307424593967515,54.0,173.0,131.0
1780,0.02029582366589327,54.0,173.0,131.0
1781,0.020284222737819022,54.0,173.0,132.0
1782,0.02027262180974478,54.0,173.0,132.0
1783,0.020261020881670533,54.0,173.0,132.0
1784,0.020249419953596286,54.0,173.0,132.0
1785,0.02023781902552204,54.0,173.0,132.0
1786,0.020226218097447794,54.0,173.0,132.0
1787,0.020214617169373547,54.0,173.0,132.0
1788,0.0202030162412993,54.0,173.0,132.0
1789,0.020191415313225058,53.0,173.0,132.0
1790,0.02017981438515081,53.0,172.0,132.0
1791,0.020168213457076565,53.0,172.0,132.0
1792,0.02015661252900232,53.0,172.0,132.0
1793,0.020145011600928072,53.0,172.0,132.0
1794,0.020133410672853826,53.0,172.0,132.0
1795,0.02012180974477958,53.0,172.0,132.0
1796,0.020110208816705336,53.0,172.0,132.0
1797,0.02009860788863109,53.0,172.0,132.0
1798,0.020087006960556843,53.0,172.0,132.0
1799,0.020075406032482597,53.0,172.0,132.0
1800,0.02006380510440835,53.0,172.0,132.0
1801,0.020052204176334104,53.0,172.0,132.0
1802,0.020040603248259858,52.0,172.0,132.0
1803,0.020029002320185615,52.0,172.0,132.0
1804,0.02001740139211137,52.0,172.0,132.0
1805,0.020005800464037122,52.0,172.0,132.0
1806,0.019994199535962875,52.0,172.0,132.0
1807,0.01998259860788863,52.0,172.0,132.0
1808,0.019970997679814383,52.0,172.0,132.0
1809,0.019959396751740136,52.0,171.0,132.0
1810,0.019947795823665893,52.0,171.0,132.0
1811,0.019936194895591647,52.0,171.0,132.0
1812,0.0199245939675174,52.0,171.0,132.0
1813,0.019912993039443154,52.0,171.0,132.0
1814,0.019901392111368908,52.0,171.0,132.0
1815,0.01988979118329466,52.0,171.0,132.0
1816,0.019878190255220415,51.0,171.0,132.0
1817,0.01986658932714617,51.0,171.0,132.0
1818,0.019854988399071925,51.0,171.0,132.0
1819,0.01984338747099768,51.0,171.0,132.0
1820,0.019831786542923432,51.0,171.0,133.0
1821,0.019820185614849186,51.0,171.0,133.0
1822,0.01980858468677494,51.0,171.0,133.0
1823,0.019796983758700693,51.0,171.0,133.0
1824,0.019785382830626447,51.0,171.0,133.0
1825,0.019773781902552204,51.0,171.0,133.0
1826,0.019762180974477957,51.0,171.0,133.0
1827,0.01975058004640371,51.0,171.0,133.0
1828,0.019738979118329465,51.0,170.0,133.0
1829,0.019727378190255218,51.0,170.0,133.0
1830,0.01971577726218097,50.0,170.0,133.0
1831,0.019704176334106725,50.0,170.0,133.0
1832,0.019692575406032482,50.0,170.0,133.0
1833,0.019680974477958236,50.0,170.0,133.0
1834,0.01966937354988399,50.0,170.0,133.0
1835,0.019657772621809743,50.0,170.0,133.0
1836,0.019646171693735497,50.0,170.0,133.0
1837,0.01963457076566125,50.0,170.0,133.0
1838,0.019622969837587004,50.0,170.0,133.0
1839,0.01961136890951276,50.0,170.0,133.0
1840,0.019599767981438514,50.0,170.0,133.0
1841,0.019588167053364268,50.0,170.0,133.0
1842,0.01957656612529002,50.0,170.0,133.0
1843,0.019564965197215775,49.0,170.0,133.0
1844,0.01955336426914153,49.0,170.0,133.0
1845,0.019541763341067282,49.0,170.0,133.0
1846,0.01953016241299304,49.0,170.0,133.0
1847,0.019518561484918793,49.0,170.0,133.0
1848,0.019506960556844546,49.0,169.0,133.0
1849,0.0194953596287703,49.0,169.0,133.0
1850,0.019483758700696054,49.0,169.0,133.0
1851,0.019472157772621807,49.0,169.0,133.0
1852,0.01946055684454756,49.0,169.0,133.0
1853,0.019448955916473318,49.0,169.0,133.0
1854,0.01943735498839907,49.0,169.0,133.0
1855,0.019425754060324825,49.0,169.0,133.0
1856,0.01941415313225058,49.0,169.0,133.0
1857,0.019402552204176332,48.0,169.0,133.0
1858,0.019390951276102086,48.0,169.0,133.0
1859,0.01937935034802784,48.0,169.0,134.0
1860,0.019367749419953596,48.0,169.0,134.0
1861,0.01935614849187935,48.0,169.0,134.0
1862,0.019344547563805103,48.0,169.0,134.0
1863,0.019332946635730857,48.0,169.0,134.0
1864,0.01932134570765661,48.0,169.0,134.0
1865,0.019309744779582364,48.0,169.0,134.0
1866,0.019298143851508118,48.0,169.0,134.0
1867,0.019286542923433875,48.0,168.0,134.0
1868,0.01927494199535963,48.0,168.0,134.0
1869,0.019263341067285382,48.0,168.0,134.0
1870,0.019251740139211135,48.0,168.0,134.0
1871,0.01924013921113689,47.0,168.0,134.0
1872,0.019228538283062643,47.0,168.0,134.0
1873,0.019216937354988396,47.0,168.0,134.0
1874,0.019205336426914153,47.0,168.0,134.0
1875,0.019193735498839907,47.0,168.0,134.0
1876,0.01918213457076566,47.0,168.0,134.0
1877,0.019170533642691414,47.0,168.0,134.0
1878,0.019158932714617168,47.0,168.0,134.0
1879,0.01914733178654292,47.0,168.0,134.0
1880,0.019135730858468675,47.0,168.0,134.0
1881,0.019124129930394432,47.0,168.0,134.0
1882,0.019112529002320185,47.0,168.0,134.0
1883,0.01910092807424594,47.0,168.0,134.0
1884,0.019089327146171692,46.0,168.0,134.0
1885,0.019077726218097446,46.0,168.0,134.0
1886,0.0190661252900232,46.0,167.0,134.0
1887,0.019054524361948953,46.0,167.0,134.0
1888,0.01904292343387471,46.0,167.0,134.0
1889,0.019031322505800464,46.0,167.0,134.0
1890,0.019019721577726217,46.0,167.0,134.0
1891,0.01900812064965197,46.0,167.0,134.0
1892,0.018996519721577725,46.0,167.0,134.0
1893,0.018984918793503478,46.0,167.0,134.0
1894,0.01897331786542923,46.0,167.0,134.0
1895,0.018961716937354985,46.0,167.0,134.0
1896,0.018950116009280742,46.0,167.0,134.0
1897,0.018938515081206496,46.0,167.0,134.0
1898,0.01892691415313225,45.0,167.0,135.0
1899,0.018915313225058003,45.0,167.0,135.0
1900,0.018903712296983757,45.0,167.0,135.0
1901,0.01889211136890951,45.0,167.0,135.0
1902,0.018880510440835264,45.0,167.0,135.0
1903,0.01886890951276102,45.0,167.0,135.0
1904,0.018857308584686774,45.0,166.0,135.0
1905,0.018845707656612528,45.0,166.0,135.0
1906,0.01883410672853828,45.0,166.0,135.0
1907,0.018822505800464035,45.0,166.0,135.0
1908,0.01881090487238979,45.0,166.0,135.0
1909,0.018799303944315542,45.0,166.0,135.0
1910,0.0187877030162413,45.0,166.0,135.0
1911,0.018776102088167053,45.0,166.0,135.0
1912,0.018764501160092806,45.0,166.0,135.0
1913,0.01875290023201856,45.0,166.0,135.0
1914,0.018741299303944314,45.0,166.0,135.0
1915,0.018729698375870067,45.0,166.0,135.0
1916,0.01871809744779582,45.0,166.0,135.0
1917,0.018706496519721578,45.0,166.0,135.0
1918,0.01869489559164733,45.0,165.0,135.0
1919,0.018683294663573085,45.0,165.0,135.0
1920,0.01867169373549884,45.0,165.0,135.0
1921,0.018660092807424592,44.0,165.0,135.0
1922,0.018648491879350346,44.0,165.0,135.0
1923,0.0186368909512761,44.0,165.0,135.0
1924,0.018625290023201856,44.0,165.0,135.0
1925,0.01861368909512761,44.0,165.0,135.0
1926,0.018602088167053363,44.0,165.0,135.0
1927,0.018590487238979117,44.0,165.0,135.0
1928,0.01857888631090487,44.0,165.0,135.0
1929,0.018567285382830624,44.0,165.0,135.0
1930,0.018555684454756378,44.0,165.0,135.0
1931,0.018544083526682135,44.0,165.0,135.0
1932,0.01853248259860789,44.0,164.0,135.0
1933,0.018520881670533642,44.0,164.0,135.0
1934,0.018509280742459396,44.0,164.0,135.0
1935,0.01849767981438515,44.0,164.0,135.0
1936,0.018486078886310903,44.0,164.0,135.0
1937,0.018474477958236656,44.0,164.0,135.0
1938,0.018462877030162413,44.0,164.0,135.0
1939,0.018451276102088167,44.0,164.0,135.0
1940,0.01843967517401392,44.0,164.0,135.0
1941,0.018428074245939674,44.0,164.0,135.0
1942,0.018416473317865428,44.0,164.0,135.0
1943,0.01840487238979118,44.0,164.0,135.0
1944,0.018393271461716935,44.0,164.0,135.0
1945,0.018381670533642692,44.0,164.0,135.0
1946,0.018370069605568445,43.0,163.0,135.0
1947,0.0183584686774942,43.0,163.0,135.0
1948,0.018346867749419953,43.0,163.0,135.0
1949,0.018335266821345706,43.0,163.0,135.0
1950,0.01832366589327146,43.0,163.0,135.0
1951,0.018312064965197213,43.0,163.0,135.0
1952,0.018300464037122967,43.0,163.0,135.0
1953,0.018288863109048724,43.0,163.0,135.0
1954,0.018277262180974477,43.0,163.0,135.0
1955,0.01826566125290023,43.0,163.0,135.0
1956,0.018254060324825985,43.0,163.0,135.0
1957,0.018242459396751738,43.0,163.0,135.0
1958,0.018230858468677492,43.0,163.0,135.0
1959,0.018219257540603245,43.0,163.0,135.0
1960,0.018207656612529002,43.0,162.0,135.0
1961,0.018196055684454756,43.0,162.0,135.0
1962,0.01818445475638051,43.0,162.0,135.0
1963,0.018172853828306263,43.0,162.0,135.0
1964,0.018161252900232017,43.0,162.0,135.0
1965,0.01814965197215777,43.0,162.0,135.0
1966,0.018138051044083524,43.0,162.0,135.0
1967,0.01812645011600928,43.0,162.0,135.0
1968,0.018114849187935034,43.0,162.0,135.0
1969,0.018103248259860788,43.0,162.0,135.0
1970,0.01809164733178654,43.0,162.0,135.0
1971,0.018080046403712295,42.0,162.0,135.0
1972,0.01806844547563805,42.0,162.0,135.0
1973,0.018056844547563802,42.0,162.0,135.0
1974,0.01804524361948956,42.0,161.0,135.0
1975,0.018033642691415313,42.0,161.0,135.0
1976,0.018022041763341067,42.0,161.0,135.0
1977,0.01801044083526682,42.0,161.0,135.0
1978,0.017998839907192574,42.0,161.0,135.0
1979,0.017987238979118327,42.0,161.0,135.0
1980,0.01797563805104408,42.0,161.0,135.0
1981,0.017964037122969838,42.0,161.0,135.0
1982,0.01795243619489559,42.0,161.0,135.0
1983,0.017940835266821345,42.0,161.0,135.0
1984,0.0179292343387471,42.0,161.0,135.0
1985,0.017917633410672852,42.0,161.0,135.0
1986,0.017906032482598606,42.0,161.0,135.0
1987,0.01789443155452436,42.0,161.0,136.0
1988,0.017882830626450116,42.0,160.0,136.0
1989,0.01787122969837587,42.0,160.0,136.0
1990,0.017859628770301623,42.0,160.0,136.0
1991,0.017848027842227377,42.0,160.0,136.0
1992,0.01783642691415313,42.0,160.0,136.0
1993,0.017824825986078884,42.0,160.0,136.0
1994,0.017813225058004638,42.0,160.0,136.0
1995,0.017801624129930395,42.0,160.0,136.0
1996,0.01779002320185615,41.0,160.0,136.0
1997,0.017778422273781902,41.0,160.0,136.0
1998,0.017766821345707656,41.0,160.0,136.0
1999,0.01775522041763341,41.0,160.0,136.0
2000,0.017743619489559163,41.0,160.0,136.0
2001,0.017732018561484916,41.0,160.0,136.0
2002,0.017720417633410673,41.0,159.0,136.0
2003,0.017708816705336427,41.0,159.0,136.0
2004,0.01769721577726218,41.0,159.0,136.0
2005,0.017685614849187934,41.0,159.0,136.0
2006,0.017674013921113688,41.0,159.0,136.0
2007,0.01766241299303944,41.0,159.0,136.0
2008,0.017650812064965195,41.0,159.0,136.0
2009,0.017639211136890952,41.0,159.0,136.0
2010,0.017627610208816705,41.0,159.0,136.0
2011,0.01761600928074246,41.0,159.0,136.0
2012,0.017604408352668213,41.0,159.0,136.0
2013,0.017592807424593966,41.0,159.0,136.0
2014,0.01758120649651972,41.0,159.0,136.0
2015,0.017569605568445473,41.0,158.0,136.0
2016,0.01755800464037123,41.0,158.0,136.0
2017,0.017546403712296984,41.0,158.0,136.0
2018,0.017534802784222737,41.0,158.0,136.0
2019,0.01752320185614849,41.0,158.0,136.0
2020,0.017511600928074245,41.0,158.0,136.0
2021,0.017499999999999998,41.0,158.0,136.0
2022,0.017488399071925752,41.0,158.0,136.0
2023,0.017476798143851505,41.0,158.0,136.0
2024,0.017465197215777262,40.0,158.0,136.0
2025,0.017453596287703016,40.0,158.0,136.0
2026,0.01744199535962877,40.0,158.0,136.0
2027,0.017430394431554523,40.0,158.0,136.0
2028,0.017418793503480277,40.0,158.0,136.0
2029,0.01740719257540603,40.0,157.0,136.0
2030,0.017395591647331784,40.0,157.0,136.0
2031,0.01738399071925754,40.0,157.0,136.0
2032,0.017372389791183294,40.0,157.0,136.0
2033,0.017360788863109048,40.0,157.0,136.0
2034,0.0173491879350348,40.0,157.0,136.0
2035,0.017337587006960555,40.0,157.0,136.0
2036,0.01732598607888631,40.0,157.0,136.0
2037,0.017314385150812062,40.0,157.0,136.0
2038,0.01730278422273782,40.0,157.0,136.0
2039,0.017291183294663573,40.0,157.0,136.0
2040,0.017279582366589327,40.0,157.0,136.0
2041,0.01726798143851508,40.0,157.0,136.0
2042,0.017256380510440834,40.0,157.0,136.0
2043,0.017244779582366587,40.0,156.0,136.0
2044,0.01723317865429234,40.0,156.0,136.0
2045,0.017221577726218098,40.0,156.0,136.0
2046,0.01720997679814385,40.0,156.0,136.0
2047,0.017198375870069605,40.0,156.0,136.0
2048,0.01718677494199536,40.0,156.0,136.0
2049,0.017175174013921112,40.0,156.0,136.0
2050,0.017163573085846866,40.0,156.0,136.0
2051,0.01715197215777262,39.0,156.0,136.0
2052,0.017140371229698376,39.0,156.0,136.0
2053,0.01712877030162413,39.0,156.0,136.0
2054,0.017117169373549884,39.0,156.0,136.0
2055,0.017105568445475637,39.0,156.0,136.0
2056,0.01709396751740139,39.0,155.0,136.0
2057,0.017082366589327144,39.0,155.0,136.0
2058,0.017070765661252898,39.0,155.0,136.0
2059,0.017059164733178655,39.0,155.0,136.0
2060,0.01704756380510441,39.0,155.0,136.0
2061,0.017035962877030162,39.0,155.0,136.0
2062,0.017024361948955916,39.0,155.0,136.0
2063,0.01701276102088167,39.0,155.0,136.0
2064,0.017001160092807423,39.0,155.0,136.0
2065,0.016989559164733176,39.0,155.0,136.0
2066,0.016977958236658933,39.0,155.0,136.0
2067,0.016966357308584687,39.0,155.0,136.0
2068,0.01695475638051044,39.0,155.0,136.0
2069,0.016943155452436194,39.0,155.0,136.0
2070,0.016931554524361948,39.0,154.0,136.0
2071,0.0169199535962877,39.0,154.0,136.0
2072,0.016908352668213455,39.0,154.0,136.0
2073,0.016896751740139212,39.0,154.0,136.0
2074,0.016885150812064965,39.0,154.0,136.0
2075,0.01687354988399072,39.0,154.0,136.0
2076,0.016861948955916473,39.0,154.0,136.0
2077,0.016850348027842226,39.0,154.0,136.0
2078,0.01683874709976798,38.0,154.0,136.0
2079,0.016827146171693733,38.0,154.0,136.0
2080,0.016815545243619487,38.0,154.0,136.0
2081,0.016803944315545244,38.0,154.0,136.0
2082,0.016792343387470998,38.0,154.0,136.0
2083,0.01678074245939675,38.0,154.0,136.0
2084,0.016769141531322505,38.0,153.0,136.0
2085,0.016757540603248258,38.0,153.0,136.0
2086,0.016745939675174012,38.0,153.0,136.0
2087,0.016734338747099765,38.0,153.0,136.0
2088,0.016722737819025522,38.0,153.0,136.0
2089,0.016711136890951276,38.0,153.0,136.0
2090,0.01669953596287703,38.0,153.0,136.0
2091,0.016687935034802783,38.0,153.0,136.0
2092,0.016676334106728537,38.0,153.0,136.0
2093,0.01666473317865429,38.0,153.0,136.0
2094,0.016653132250580044,38.0,153.0,137.0
2095,0.0166415313225058,38.0,153.0,137.0
2096,0.016629930394431554,38.0,153.0,137.0
2097,0.016618329466357308,38.0,152.0,137.0
2098,0.01660672853828306,38.0,152.0,137.0
2099,0.016595127610208815,38.0,152.0,137.0
2100,0.01658352668213457,38.0,152.0,137.0
2101,0.016571925754060322,38.0,152.0,137.0
2102,0.01656032482598608,38.0,152.0,137.0
2103,0.016548723897911833,38.0,152.0,137.0
2104,0.016537122969837587,38.0,152.0,137.0
2105,0.01652552204176334,37.0,152.0,137.0
2106,0.016513921113689094,37.0,152.0,137.0
2107,0.016502320185614847,37.0,152.0,137.0
2108,0.0164907192575406,37.0,152.0,137.0
2109,0.016479118329466358,37.0,152.0,137.0
2110,0.01646751740139211,37.0,152.0,137.0
2111,0.016455916473317865,37.0,151.0,137.0
2112,0.01644431554524362,37.0,151.0,137.0
2113,0.016432714617169372,37.0,151.0,137.0
2114,0.016421113689095126,37.0,151.0,137.0
2115,0.01640951276102088,37.0,151.0,137.0
2116,0.016397911832946636,37.0,151.0,137.0
2117,0.01638631090487239,37.0,151.0,137.0
2118,0.016374709976798144,37.0,151.0,137.0
2119,0.016363109048723897,37.0,151.0,137.0
2120,0.01635150812064965,37.0,151.0,137.0
2121,0.016339907192575404,37.0,151.0,137.0
2122,0.016328306264501158,37.0,151.0,137.0
2123,0.016316705336426915,37.0,151.0,137.0
2124,0.01630510440835267,37.0,151.0,137.0
2125,0.016293503480278422,37.0,150.0,137.0
2126,0.016281902552204176,37.0,150.0,137.0
2127,0.01627030162412993,37.0,150.0,137.0
2128,0.016258700696055683,37.0,150.0,137.0
2129,0.016247099767981436,37.0,150.0,137.0
2130,0.016235498839907193,37.0,150.0,137.0
2131,0.016223897911832947,37.0,150.0,137.0
2132,0.0162122969837587,36.0,150.0,137.0
2133,0.016200696055684454,36.0,150.0,137.0
2134,0.016189095127610208,36.0,150.0,137.0
2135,0.01617749419953596,36.0,150.0,137.0
2136,0.016165893271461715,36.0,150.0,137.0
2137,0.016154292343387472,36.0,150.0,137.0
2138,0.016142691415313225,36.0,149.0,137.0
2139,0.01613109048723898,36.0,149.0,137.0
2140,0.016119489559164733,36.0,149.0,137.0
2141,0.016107888631090486,36.0,149.0,137.0
2142,0.01609628770301624,36.0,149.0,137.0
2143,0.016084686774941993,36.0,149.0,137.0
2144,0.01607308584686775,36.0,149.0,137.0
2145,0.016061484918793504,36.0,149.0,137.0
2146,0.016049883990719258,36.0,149.0,137.0
2147,0.01603828306264501,36.0,149.0,137.0
2148,0.016026682134570765,36.0,149.0,137.0
2149,0.016015081206496518,36.0,149.0,137.0
2150,0.016003480278422272,36.0,149.0,137.0
2151,0.015991879350348025,36.0,149.0,137.0
2152,0.015980278422273782,36.0,148.0,137.0
2153,0.015968677494199536,36.0,148.0,137.0
2154,0.01595707656612529,36.0,148.0,137.0
2155,0.015945475638051043,36.0,148.0,137.0
2156,0.015933874709976797,36.0,148.0,137.0
2157,0.01592227378190255,36.0,148.0,137.0
2158,0.015910672853828304,36.0,148.0,137.0
2159,0.01589907192575406,35.0,148.0,137.0
2160,0.015887470997679815,35.0,148.0,137.0
2161,0.015875870069605568,35.0,148.0,137.0
2162,0.01586426914153132,35.0,148.0,137.0
2163,0.015852668213457075,35.0,148.0,137.0
2164,0.01584106728538283,35.0,148.0,137.0
2165,0.015829466357308582,35.0,148.0,137.0
2166,0.01581786542923434,35.0,147.0,137.0
2167,0.015806264501160093,35.0,147.0,137.0
2168,0.015794663573085847,35.0,147.0,137.0
2169,0.0157830626450116,35.0,147.0,137.0
2170,0.015771461716937354,35.0,147.0,137.0
2171,0.015759860788863107,35.0,147.0,137.0
2172,0.01574825986078886,35.0,147.0,137.0
2173,0.015736658932714618,35.0,147.0,137.0
2174,0.01572505800464037,35.0,147.0,137.0
2175,0.015713457076566125,35.0,147.0,137.0
2176,0.01570185614849188,35.0,147.0,137.0
2177,0.015690255220417632,35.0,147.0,137.0
2178,0.015678654292343386,35.0,147.0,137.0
2179,0.01566705336426914,35.0,147.0,137.0
2180,0.015655452436194896,35.0,146.0,137.0
2181,0.01564385150812065,35.0,146.0,137.0
2182,0.015632250580046404,35.0,146.0,137.0
2183,0.015620649651972157,35.0,146.0,137.0
2184,0.01560904872389791,35.0,146.0,137.0
2185,0.015597447795823664,35.0,146.0,137.0
2186,0.015585846867749418,34.0,146.0,137.0
2187,0.015574245939675175,34.0,146.0,137.0
2188,0.015562645011600929,34.0,146.0,137.0
2189,0.015551044083526682,34.0,146.0,137.0
2190,0.015539443155452436,34.0,146.0,137.0
2191,0.01552784222737819,34.0,146.0,137.0
2192,0.015516241299303943,34.0,146.0,137.0
2193,0.015504640371229696,34.0,145.0,137.0
2194,0.015493039443155453,34.0,145.0,137.0
2195,0.015481438515081207,34.0,145.0,137.0
2196,0.01546983758700696,34.0,145.0,137.0
2197,0.015458236658932714,34.0,145.0,137.0
2198,0.015446635730858468,34.0,145.0,137.0
2199,0.015435034802784221,34.0,145.0,137.0
2200,0.015423433874709975,34.0,145.0,137.0
2201,0.015411832946635732,34.0,145.0,138.0
2202,0.015400232018561485,34.0,145.0,138.0
2203,0.015388631090487239,34.0,145.0,138.0
2204,0.015377030162412993,34.0,145.0,138.0
2205,0.015365429234338746,34.0,145.0,138.0
2206,0.0153538283062645,34.0,145.0,138.0
2207,0.015342227378190253,34.0,144.0,138.0
2208,0.015330626450116007,34.0,144.0,138.0
2209,0.015319025522041764,34.0,144.0,138.0
2210,0.015307424593967518,34.0,144.0,138.0
2211,0.015295823665893271,34.0,144.0,138.0
2212,0.015284222737819025,34.0,144.0,138.0
2213,0.015272621809744778,33.0,144.0,138.0
2214,0.015261020881670532,33.0,144.0,138.0
2215,0.015249419953596285,33.0,144.0,138.0
2216,0.015237819025522042,33.0,144.0,138.0
2217,0.015226218097447796,33.0,144.0,138.0
2218,0.01521461716937355,33.0,144.0,138.0
2219,0.015203016241299303,33.0,144.0,138.0
2220,0.015191415313225057,33.0,144.0,138.0
2221,0.01517981438515081,33.0,143.0,138.0
2222,0.015168213457076564,33.0,143.0,138.0
2223,0.015156612529002321,33.0,143.0,138.0
2224,0.015145011600928075,33.0,143.0,138.0
2225,0.015133410672853828,33.0,143.0,138.0
2226,0.015121809744779582,33.0,143.0,138.0
2227,0.015110208816705335,33.0,143.0,138.0
2228,0.015098607888631089,33.0,143.0,138.0
2229,0.015087006960556842,33.0,143.0,138.0
2230,0.0150754060324826,33.0,143.0,138.0
2231,0.015063805104408353,33.0,143.0,138.0
2232,0.015052204176334107,33.0,143.0,138.0
2233,0.01504060324825986,33.0,143.0,138.0
2234,0.015029002320185614,33.0,142.0,138.0
2235,0.015017401392111367,33.0,142.0,138.0
2236,0.015005800464037121,33.0,142.0,138.0
2237,0.014994199535962878,33.0,142.0,138.0
2238,0.014982598607888632,33.0,142.0,138.0
2239,0.014970997679814385,33.0,142.0,138.0
2240,0.014959396751740139,32.0,142.0,138.0
2241,0.014947795823665892,32.0,142.0,138.0
2242,0.014936194895591646,32.0,142.0,138.0
2243,0.0149245939675174,32.0,142.0,138.0
2244,0.014912993039443156,32.0,142.0,138.0
2245,0.01490139211136891,32.0,142.0,138.0
2246,0.014889791183294664,32.0,142.0,138.0
2247,0.014878190255220417,32.0,142.0,138.0
2248,0.01486658932714617,32.0,141.0,138.0
2249,0.014854988399071924,32.0,141.0,138.0
2250,0.014843387470997678,32.0,141.0,138.0
2251,0.014831786542923435,32.0,141.0,138.0
2252,0.014820185614849189,32.0,141.0,138.0
2253,0.014808584686774942,32.0,141.0,138.0
2254,0.014796983758700696,32.0,141.0,138.0
2255,0.01478538283062645,32.0,141.0,138.0
2256,0.014773781902552203,32.0,141.0,138.0
2257,0.014762180974477956,32.0,141.0,138.0
2258,0.014750580046403713,32.0,141.0,138.0
2259,0.014738979118329467,32.0,141.0,138.0
2260,0.01472737819025522,32.0,141.0,138.0
2261,0.014715777262180974,32.0,141.0,138.0
2262,0.014704176334106728,32.0,140.0,138.0
2263,0.014692575406032481,32.0,140.0,138.0
2264,0.014680974477958235,32.0,140.0,138.0
2265,0.014669373549883992,32.0,140.0,138.0
2266,0.014657772621809746,32.0,140.0,138.0
2267,0.014646171693735499,31.0,140.0,138.0
2268,0.014634570765661253,31.0,140.0,138.0
2269,0.014622969837587006,31.0,140.0,138.0
2270,0.01461136890951276,31.0,140.0,138.0
2271,0.014599767981438513,31.0,140.0,138.0
2272,0.01458816705336427,31.0,140.0,138.0
2273,0.014576566125290024,31.0,140.0,138.0
2274,0.014564965197215778,31.0,140.0,138.0
2275,0.014553364269141531,31.0,139.0,138.0
2276,0.014541763341067285,31.0,139.0,138.0
2277,0.014530162412993038,31.0,139.0,138.0
2278,0.014518561484918792,31.0,139.0,138.0
2279,0.014506960556844545,31.0,139.0,138.0
2280,0.014495359628770303,31.0,139.0,138.0
2281,0.014483758700696056,31.0,139.0,138.0
2282,0.01447215777262181,31.0,139.0,138.0
2283,0.014460556844547563,31.0,139.0,138.0
2284,0.014448955916473317,31.0,139.0,138.0
2285,0.01443735498839907,31.0,139.0,138.0
2286,0.014425754060324824,31.0,139.0,138.0
2287,0.014414153132250581,31.0,139.0,138.0
2288,0.014402552204176335,31.0,139.0,138.0
2289,0.014390951276102088,31.0,138.0,138.0
2290,0.014379350348027842,31.0,138.0,138.0
2291,0.014367749419953595,31.0,138.0,138.0
2292,0.014356148491879349,31.0,138.0,138.0
2293,0.014344547563805102,31.0,138.0,138.0
2294,0.01433294663573086,31.0,138.0,138.0
2295,0.014321345707656613,30.0,138.0,138.0
2296,0.014309744779582367,30.0,138.0,138.0
2297,0.01429814385150812,30.0,138.0,138.0
2298,0.014286542923433874,30.0,138.0,138.0
2299,0.014274941995359627,30.0,138.0,138.0
2300,0.014263341067285381,30.0,138.0,138.0
2301,0.014251740139211138,30.0,138.0,138.0
2302,0.014240139211136892,30.0,138.0,138.0
2303,0.014228538283062645,30.0,137.0,138.0
2304,0.014216937354988399,30.0,137.0,138.0
2305,0.014205336426914152,30.0,137.0,138.0
2306,0.014193735498839906,30.0,137.0,138.0
2307,0.01418213457076566,30.0,137.0,138.0
2308,0.014170533642691416,30.0,137.0,138.0
2309,0.01415893271461717,30.0,137.0,139.0
2310,0.014147331786542924,30.0,137.0,139.0
2311,0.014135730858468677,30.0,137.0,139.0
2312,0.01412412993039443,30.0,137.0,139.0
2313,0.014112529002320184,30.0,137.0,139.0
2314,0.014100928074245938,30.0,137.0,139.0
2315,0.014089327146171695,30.0,137.0,139.0
2316,0.014077726218097449,30.0,136.0,139.0
2317,0.014066125290023202,30.0,136.0,139.0
2318,0.014054524361948956,30.0,136.0,139.0
2319,0.01404292343387471,30.0,136.0,139.0
2320,0.014031322505800463,30.0,136.0,139.0
2321,0.014019721577726216,30.0,136.0,139.0
2322,0.014008120649651973,29.0,136.0,139.0
2323,0.013996519721577727,29.0,136.0,139.0
2324,0.01398491879350348,29.0,136.0,139.0
2325,0.013973317865429234,29.0,136.0,139.0
2326,0.013961716937354988,29.0,136.0,139.0
2327,0.013950116009280741,29.0,136.0,139.0
2328,0.013938515081206495,29.0,136.0,139.0
2329,0.013926914153132252,29.0,136.0,139.0
2330,0.013915313225058006,29.0,135.0,139.0
2331,0.013903712296983759,29.0,135.0,139.0
2332,0.013892111368909513,29.0,135.0,139.0
2333,0.013880510440835266,29.0,135.0,139.0
2334,0.01386890951276102,29.0,135.0,139.0
2335,0.013857308584686773,29.0,135.0,139.0
2336,0.013845707656612527,29.0,135.0,139.0
2337,0.013834106728538284,29.0,135.0,139.0
2338,0.013822505800464038,29.0,135.0,139.0
2339,0.013810904872389791,29.0,135.0,139.0
2340,0.013799303944315545,29.0,135.0,139.0
2341,0.013787703016241298,29.0,135.0,139.0
2342,0.013776102088167052,29.0,135.0,139.0
2343,0.013764501160092805,29.0,135.0,139.0
2344,0.013752900232018563,29.0,134.0,139.0
2345,0.013741299303944316,29.0,134.0,139.0
2346,0.01372969837587007,29.0,134.0,139.0
2347,0.013718097447795823,29.0,134.0,139.0
2348,0.013706496519721577,29.0,134.0,139.0
2349,0.01369489559164733,28.0,134.0,139.0
2350,0.013683294663573084,28.0,134.0,139.0
2351,0.013671693735498841,28.0,134.0,139.0
2352,0.013660092807424595,28.0,134.0,139.0
2353,0.013648491879350348,28.0,134.0,139.0
2354,0.013636890951276102,28.0,134.0,139.0
2355,0.013625290023201855,28.0,134.0,139.0
2356,0.013613689095127609,28.0,134.0,139.0
2357,0.013602088167053362,28.0,133.0,139.0
2358,0.01359048723897912,28.0,133.0,139.0
2359,0.013578886310904873,28.0,133.0,139.0
2360,0.013567285382830627,28.0,133.0,139.0
2361,0.01355568445475638,28.0,133.0,139.0
2362,0.013544083526682134,28.0,133.0,139.0
2363,0.013532482598607887,28.0,133.0,139.0
2364,0.013520881670533641,28.0,133.0,139.0
2365,0.013509280742459398,28.0,133.0,139.0
2366,0.013497679814385152,28.0,133.0,139.0
2367,0.013486078886310905,28.0,133.0,139.0
2368,0.013474477958236659,28.0,133.0,139.0
2369,0.013462877030162412,28.0,133.0,139.0
2370,0.013451276102088166,28.0,133.0,139.0
2371,0.01343967517401392,28.0,132.0,139.0
2372,0.013428074245939677,28.0,132.0,139.0
2373,0.01341647331786543,28.0,132.0,139.0
2374,0.013404872389791184,28.0,132.0,139.0
2375,0.013393271461716937,28.0,132.0,139.0
2376,0.01338167053364269,27.0,132.0,139.0
2377,0.013370069605568444,27.0,132.0,139.0
2378,0.013358468677494198,27.0,132.0,139.0
2379,0.013346867749419955,27.0,132.0,139.0
2380,0.013335266821345709,27.0,132.0,139.0
2381,0.013323665893271462,27.0,132.0,139.0
2382,0.013312064965197216,27.0,132.0,139.0
2383,0.01330046403712297,27.0,132.0,139.0
2384,0.013288863109048723,27.0,132.0,139.0
2385,0.013277262180974476,27.0,131.0,139.0
2386,0.013265661252900234,27.0,131.0,139.0
2387,0.013254060324825987,27.0,131.0,139.0
2388,0.01324245939675174,27.0,131.0,139.0
2389,0.013230858468677494,27.0,131.0,139.0
2390,0.013219257540603248,27.0,131.0,139.0
2391,0.013207656612529001,27.0,131.0,139.0
2392,0.013196055684454755,27.0,131.0,139.0
2393,0.013184454756380512,27.0,131.0,139.0
2394,0.013172853828306266,27.0,131.0,139.0
2395,0.01316125290023202,27.0,131.0,139.0
2396,0.013149651972157773,27.0,131.0,139.0
2397,0.013138051044083526,27.0,131.0,139.0
2398,0.01312645011600928,27.0,130.0,139.0
2399,0.013114849187935033,27.0,130.0,139.0
2400,0.01310324825986079,27.0,130.0,139.0
2401,0.013091647331786544,27.0,130.0,139.0
2402,0.013080046403712298,27.0,130.0,139.0
2403,0.013068445475638051,26.0,130.0,139.0
2404,0.013056844547563805,26.0,130.0,139.0
2405,0.013045243619489558,26.0,130.0,139.0
2406,0.013033642691415312,26.0,130.0,139.0
2407,0.013022041763341066,26.0,130.0,139.0
2408,0.013010440835266823,26.0,130.0,139.0
2409,0.012998839907192576,26.0,130.0,139.0
2410,0.01298723897911833,26.0,130.0,139.0
2411,0.012975638051044083,26.0,130.0,139.0
2412,0.012964037122969837,26.0,129.0,139.0
2413,0.01295243619489559,26.0,129.0,139.0
2414,0.012940835266821344,26.0,129.0,139.0
2415,0.012929234338747101,26.0,129.0,139.0
2416,0.012917633410672855,26.0,129.0,140.0
2417,0.012906032482598608,26.0,129.0,140.0
2418,0.012894431554524362,26.0,129.0,140.0
2419,0.012882830626450115,26.0,129.0,140.0
2420,0.012871229698375869,26.0,129.0,139.0
2421,0.012859628770301623,26.0,129.0,139.0
2422,0.01284802784222738,26.0,129.0,139.0
2423,0.012836426914153133,26.0,129.0,139.0
2424,0.012824825986078887,26.0,128.0,139.0
2425,0.01281322505800464,26.0,128.0,139.0
2426,0.012801624129930394,26.0,128.0,139.0
2427,0.012790023201856147,26.0,128.0,139.0
2428,0.012778422273781901,26.0,128.0,139.0
2429,0.012766821345707658,26.0,128.0,139.0
2430,0.012755220417633412,26.0,128.0,139.0
2431,0.012743619489559165,26.0,128.0,139.0
2432,0.012732018561484919,26.0,128.0,139.0
2433,0.012720417633410672,26.0,128.0,139.0
2434,0.012708816705336426,26.0,128.0,139.0
2435,0.01269721577726218,26.0,127.0,139.0
2436,0.012685614849187937,26.0,127.0,139.0
2437,0.01267401392111369,26.0,127.0,139.0
2438,0.012662412993039444,26.0,127.0,139.0
2439,0.012650812064965197,26.0,127.0,139.0
2440,0.01263921113689095,26.0,127.0,139.0
2441,0.012627610208816704,26.0,127.0,139.0
2442,0.012616009280742458,26.0,127.0,139.0
2443,0.012604408352668215,26.0,127.0,139.0
2444,0.012592807424593969,26.0,127.0,139.0
2445,0.012581206496519722,25.0,126.0,139.0
2446,0.012569605568445476,25.0,126.0,139.0
2447,0.01255800464037123,25.0,126.0,139.0
2448,0.012546403712296983,25.0,126.0,139.0
2449,0.012534802784222736,25.0,126.0,139.0
2450,0.012523201856148494,25.0,126.0,139.0
2451,0.012511600928074247,25.0,126.0,139.0
2452,0.0125,25.0,126.0,139.0
2453,0.012488399071925754,25.0,126.0,139.0
2454,0.012476798143851508,25.0,126.0,139.0
2455,0.012465197215777261,25.0,126.0,139.0
2456,0.012453596287703015,25.0,125.0,139.0
2457,0.012441995359628772,25.0,125.0,139.0
2458,0.012430394431554526,25.0,125.0,139.0
2459,0.01241879350348028,25.0,125.0,139.0
2460,0.012407192575406033,25.0,125.0,139.0
2461,0.012395591647331786,25.0,125.0,139.0
2462,0.01238399071925754,25.0,125.0,139.0
2463,0.012372389791183293,25.0,125.0,139.0
2464,0.012360788863109047,25.0,125.0,139.0
2465,0.012349187935034804,25.0,125.0,139.0
2466,0.012337587006960558,25.0,125.0,139.0
2467,0.012325986078886311,25.0,124.0,139.0
2468,0.012314385150812065,25.0,124.0,139.0
2469,0.012302784222737818,25.0,124.0,139.0
2470,0.012291183294663572,25.0,124.0,139.0
2471,0.012279582366589326,25.0,124.0,139.0
2472,0.012267981438515083,25.0,124.0,139.0
2473,0.012256380510440836,25.0,124.0,139.0
2474,0.01224477958236659,25.0,124.0,139.0
2475,0.012233178654292343,25.0,124.0,139.0
2476,0.012221577726218097,25.0,124.0,139.0
2477,0.01220997679814385,25.0,123.0,139.0
2478,0.012198375870069604,25.0,123.0,139.0
2479,0.012186774941995361,25.0,123.0,139.0
2480,0.012175174013921115,25.0,123.0,139.0
2481,0.012163573085846868,25.0,123.0,139.0
2482,0.012151972157772622,25.0,123.0,139.0
2483,0.012140371229698375,25.0,123.0,139.0
2484,0.012128770301624129,25.0,123.0,139.0
2485,0.012117169373549883,25.0,123.0,139.0
2486,0.01210556844547564,25.0,123.0,139.0
2487,0.012093967517401393,25.0,123.0,139.0
2488,0.012082366589327147,25.0,122.0,139.0
2489,0.0120707656612529,25.0,122.0,139.0
2490,0.012059164733178654,25.0,122.0,139.0
2491,0.012047563805104407,25.0,122.0,139.0
2492,0.012035962877030161,25.0,122.0,139.0
2493,0.012024361948955918,25.0,122.0,139.0
2494,0.012012761020881672,25.0,122.0,139.0
2495,0.012001160092807425,25.0,122.0,139.0
2496,0.011989559164733179,25.0,122.0,139.0
2497,0.011977958236658932,25.0,122.0,139.0
2498,0.011966357308584686,25.0,122.0,139.0
2499,0.01195475638051044,25.0,121.0,139.0
2500,0.011943155452436197,25.0,121.0,139.0
2501,0.01193155452436195,25.0,121.0,139.0
2502,0.011919953596287704,25.0,121.0,139.0
2503,0.011908352668213457,25.0,121.0,139.0
2504,0.011896751740139211,25.0,121.0,139.0
2505,0.011885150812064964,25.0,121.0,139.0
2506,0.011873549883990718,25.0,121.0,139.0
2507,0.011861948955916475,25.0,121.0,139.0
2508,0.011850348027842229,25.0,121.0,139.0
2509,0.011838747099767982,25.0,120.0,139.0
2510,0.011827146171693736,24.0,120.0,139.0
2511,0.01181554524361949,24.0,120.0,139.0
2512,0.011803944315545243,24.0,120.0,139.0
2513,0.011792343387470997,24.0,120.0,139.0
2514,0.011780742459396754,24.0,120.0,139.0
2515,0.011769141531322507,24.0,120.0,139.0
2516,0.01175754060324826,24.0,120.0,139.0
2517,0.011745939675174014,24.0,120.0,138.0
2518,0.011734338747099768,24.0,120.0,138.0
2519,0.011722737819025521,24.0,119.0,138.0
2520,0.011711136890951275,24.0,119.0,138.0
2521,0.011699535962877032,24.0,119.0,138.0
2522,0.011687935034802786,24.0,119.0,138.0
2523,0.01167633410672854,24.0,119.0,138.0
2524,0.011664733178654293,24.0,119.0,138.0
2525,0.011653132250580046,24.0,119.0,138.0
2526,0.0116415313225058,24.0,119.0,138.0
2527,0.011629930394431554,24.0,119.0,138.0
2528,0.01161832946635731,24.0,118.0,138.0
2529,0.011606728538283064,24.0,118.0,138.0
2530,0.011595127610208818,24.0,118.0,138.0
2531,0.011583526682134571,24.0,118.0,138.0
2532,0.011571925754060325,24.0,118.0,138.0
2533,0.011560324825986078,24.0,118.0,138.0
2534,0.011548723897911832,24.0,118.0,138.0
2535,0.011537122969837586,24.0,118.0,138.0
2536,0.011525522041763343,24.0,118.0,138.0
2537,0.011513921113689096,24.0,118.0,138.0
2538,0.01150232018561485,24.0,117.0,138.0
2539,0.011490719257540603,24.0,117.0,138.0
2540,0.011479118329466357,24.0,117.0,138.0
2541,0.01146751740139211,24.0,117.0,138.0
2542,0.011455916473317864,24.0,117.0,138.0
2543,0.011444315545243621,24.0,117.0,138.0
2544,0.011432714617169375,24.0,117.0,138.0
2545,0.011421113689095128,24.0,117.0,138.0
2546,0.011409512761020882,24.0,117.0,138.0
2547,0.011397911832946635,24.0,116.0,138.0
2548,0.011386310904872389,24.0,116.0,138.0
2549,0.011374709976798143,24.0,116.0,138.0
2550,0.0113631090487239,24.0,116.0,138.0
2551,0.011351508120649653,24.0,116.0,138.0
2552,0.011339907192575407,24.0,116.0,138.0
2553,0.01132830626450116,24.0,116.0,138.0
2554,0.011316705336426914,24.0,116.0,138.0
2555,0.011305104408352667,24.0,116.0,138.0
2556,0.011293503480278421,24.0,116.0,138.0
2557,0.011281902552204178,24.0,115.0,138.0
2558,0.011270301624129932,24.0,115.0,138.0
2559,0.011258700696055685,24.0,115.0,138.0
2560,0.011247099767981439,24.0,115.0,138.0
2561,0.011235498839907192,24.0,115.0,138.0
2562,0.011223897911832946,24.0,115.0,138.0
2563,0.0112122969837587,24.0,115.0,138.0
2564,0.011200696055684457,24.0,115.0,138.0
2565,0.01118909512761021,24.0,115.0,138.0
2566,0.011177494199535964,24.0,115.0,138.0
2567,0.011165893271461717,24.0,114.0,138.0
2568,0.011154292343387471,24.0,114.0,138.0
2569,0.011142691415313224,24.0,114.0,138.0
2570,0.011131090487238978,24.0,114.0,138.0
2571,0.011119489559164735,24.0,114.0,138.0
2572,0.011107888631090489,24.0,114.0,137.0
2573,0.011096287703016242,24.0,114.0,137.0
2574,0.011084686774941996,24.0,114.0,137.0
2575,0.01107308584686775,24.0,114.0,137.0
2576,0.011061484918793503,24.0,113.0,137.0
2577,0.011049883990719257,24.0,113.0,137.0
2578,0.011038283062645014,24.0,113.0,137.0
2579,0.011026682134570767,24.0,113.0,137.0
2580,0.01101508120649652,24.0,113.0,137.0
2581,0.011003480278422274,24.0,113.0,137.0
2582,0.010991879350348028,24.0,113.0,137.0
2583,0.010980278422273781,24.0,113.0,137.0
2584,0.010968677494199535,24.0,113.0,137.0
2585,0.010957076566125292,24.0,113.0,137.0
2586,0.010945475638051046,24.0,112.0,137.0
2587,0.0109338747099768,24.0,112.0,137.0
2588,0.010922273781902553,24.0,112.0,137.0
2589,0.010910672853828306,24.0,112.0,137.0
2590,0.01089907192575406,24.0,112.0,137.0
2591,0.010887470997679814,24.0,112.0,137.0
2592,0.010875870069605567,24.0,112.0,137.0
2593,0.010864269141531324,24.0,112.0,137.0
2594,0.010852668213457078,24.0,112.0,137.0
2595,0.010841067285382831,24.0,112.0,137.0
2596,0.010829466357308585,24.0,111.0,137.0
2597,0.010817865429234338,24.0,111.0,137.0
2598,0.010806264501160092,24.0,111.0,137.0
2599,0.010794663573085846,24.0,111.0,137.0
2600,0.010783062645011603,24.0,111.0,137.0
2601,0.010771461716937356,24.0,111.0,137.0
2602,0.01075986078886311,24.0,111.0,137.0
2603,0.010748259860788863,24.0,111.0,137.0
2604,0.010736658932714617,24.0,111.0,137.0
2605,0.01072505800464037,24.0,110.0,137.0
2606,0.010713457076566124,24.0,110.0,137.0
2607,0.010701856148491881,24.0,110.0,137.0
2608,0.010690255220417635,24.0,110.0,137.0
2609,0.010678654292343388,24.0,110.0,137.0
2610,0.010667053364269142,24.0,110.0,137.0
2611,0.010655452436194895,24.0,110.0,137.0
2612,0.010643851508120649,24.0,110.0,137.0
2613,0.010632250580046403,24.0,110.0,137.0
2614,0.01062064965197216,24.0,110.0,137.0
2615,0.010609048723897913,24.0,109.0,137.0
2616,0.010597447795823667,24.0,109.0,137.0
2617,0.01058584686774942,24.0,109.0,137.0
2618,0.010574245939675174,24.0,109.0,137.0
2619,0.010562645011600928,24.0,109.0,137.0
2620,0.010551044083526681,24.0,109.0,137.0
2621,0.010539443155452438,24.0,109.0,137.0
2622,0.010527842227378192,24.0,109.0,137.0
2623,0.010516241299303945,24.0,109.0,137.0
2624,0.010504640371229699,24.0,109.0,137.0
2625,0.010493039443155452,24.0,108.0,137.0
2626,0.010481438515081206,24.0,108.0,137.0
2627,0.01046983758700696,24.0,108.0,137.0
2628,0.010458236658932717,24.0,108.0,136.0
2629,0.01044663573085847,24.0,108.0,136.0
2630,0.010435034802784224,24.0,108.0,136.0
2631,0.010423433874709977,24.0,108.0,136.0
2632,0.010411832946635731,24.0,108.0,136.0
2633,0.010400232018561485,24.0,108.0,136.0
2634,0.010388631090487238,24.0,107.0,136.0
2635,0.010377030162412995,24.0,107.0,136.0
2636,0.010365429234338749,24.0,107.0,136.0
2637,0.010353828306264502,24.0,107.0,136.0
2638,0.010342227378190256,24.0,107.0,136.0
2639,0.01033062645011601,24.0,107.0,136.0
2640,0.010319025522041763,24.0,107.0,136.0
2641,0.010307424593967517,24.0,107.0,136.0
2642,0.010295823665893274,24.0,107.0,136.0
2643,0.010284222737819027,24.0,107.0,136.0
2644,0.01027262180974478,24.0,106.0,136.0
2645,0.010261020881670534,24.0,106.0,136.0
2646,0.010249419953596288,24.0,106.0,136.0
2647,0.010237819025522042,24.0,106.0,136.0
2648,0.010226218097447795,24.0,106.0,136.0
2649,0.010214617169373552,24.0,106.0,136.0
2650,0.010203016241299306,24.0,106.0,136.0
2651,0.01019141531322506,24.0,106.0,136.0
2652,0.010179814385150813,24.0,106.0,136.0
2653,0.010168213457076566,24.0,106.0,136.0
2654,0.01015661252900232,24.0,105.0,136.0
2655,0.010145011600928074,24.0,105.0,136.0
2656,0.01013341067285383,24.0,105.0,136.0
2657,0.010121809744779584,24.0,105.0,136.0
2658,0.010110208816705338,24.0,105.0,136.0
2659,0.010098607888631091,24.0,105.0,136.0
2660,0.010087006960556845,24.0,105.0,136.0
2661,0.010075406032482599,24.0,105.0,136.0
2662,0.010063805104408352,24.0,105.0,136.0
2663,0.010052204176334106,24.0,104.0,136.0
2664,0.010040603248259863,23.0,104.0,136.0
2665,0.010029002320185616,23.0,104.0,136.0
2666,0.01001740139211137,23.0,104.0,136.0
2667,0.010005800464037123,23.0,104.0,136.0
2668,0.009994199535962877,23.0,104.0,136.0
2669,0.00998259860788863,23.0,104.0,136.0
2670,0.009970997679814384,23.0,104.0,136.0
2671,0.009959396751740141,23.0,104.0,136.0
2672,0.009947795823665895,23.0,104.0,136.0
2673,0.009936194895591648,23.0,103.0,136.0
2674,0.009924593967517402,23.0,103.0,136.0
2675,0.009912993039443155,23.0,103.0,136.0
2676,0.009901392111368909,23.0,103.0,136.0
2677,0.009889791183294663,23.0,103.0,136.0
2678,0.00987819025522042,23.0,103.0,136.0
2679,0.009866589327146173,23.0,103.0,136.0
2680,0.009854988399071927,23.0,103.0,136.0
2681,0.00984338747099768,23.0,103.0,136.0
2682,0.009831786542923434,23.0,103.0,136.0
2683,0.009820185614849188,23.0,102.0,135.0
2684,0.009808584686774941,23.0,102.0,135.0
2685,0.009796983758700698,23.0,102.0,135.0
2686,0.009785382830626452,23.0,102.0,135.0
2687,0.009773781902552205,23.0,102.0,135.0
2688,0.009762180974477959,23.0,102.0,135.0
2689,0.009750580046403712,23.0,102.0,135.0
2690,0.009738979118329466,23.0,102.0,135.0
2691,0.00972737819025522,23.0,102.0,135.0
2692,0.009715777262180977,23.0,101.0,135.0
2693,0.00970417633410673,23.0,101.0,135.0
2694,0.00969257540603248,23.0,101.0,135.0
2695,0.009680974477958237,23.0,101.0,135.0
2696,0.009669373549883994,23.0,101.0,135.0
2697,0.009657772621809745,23.0,101.0,135.0
2698,0.009646171693735502,23.0,101.0,135.0
2699,0.009634570765661252,23.0,101.0,135.0
2700,0.009622969837587009,23.0,101.0,135.0
2701,0.009611368909512759,23.0,101.0,135.0
2702,0.009599767981438516,23.0,100.0,135.0
2703,0.009588167053364273,23.0,100.0,135.0
2704,0.009576566125290023,23.0,100.0,135.0
2705,0.00956496519721578,23.0,100.0,135.0
2706,0.00955336426914153,23.0,100.0,135.0
2707,0.009541763341067287,23.0,100.0,135.0
2708,0.009530162412993037,23.0,100.0,135.0
2709,0.009518561484918794,23.0,100.0,135.0
2710,0.009506960556844551,23.0,100.0,135.0
2711,0.009495359628770302,23.0,100.0,135.0
2712,0.009483758700696059,23.0,99.0,135.0
2713,0.009472157772621809,23.0,99.0,135.0
2714,0.009460556844547566,23.0,99.0,135.0
2715,0.009448955916473316,23.0,99.0,135.0
2716,0.009437354988399073,23.0,99.0,135.0
2717,0.00942575406032483,23.0,99.0,135.0
2718,0.00941415313225058,23.0,99.0,135.0
2719,0.009402552204176337,23.0,99.0,135.0
2720,0.009390951276102087,23.0,99.0,135.0
2721,0.009379350348027844,23.0,98.0,135.0
2722,0.009367749419953594,23.0,98.0,135.0
2723,0.009356148491879351,23.0,98.0,135.0
2724,0.009344547563805108,23.0,98.0,135.0
2725,0.009332946635730859,23.0,98.0,135.0
2726,0.009321345707656616,23.0,98.0,135.0
2727,0.009309744779582366,23.0,98.0,135.0
2728,0.009298143851508123,23.0,98.0,135.0
2729,0.009286542923433873,23.0,98.0,135.0
2730,0.00927494199535963,23.0,98.0,135.0
2731,0.009263341067285387,23.0,97.0,135.0
2732,0.009251740139211137,23.0,97.0,135.0
2733,0.009240139211136894,23.0,97.0,135.0
2734,0.009228538283062644,23.0,97.0,135.0
2735,0.009216937354988401,23.0,97.0,135.0
2736,0.009205336426914151,23.0,97.0,135.0
2737,0.009193735498839908,23.0,97.0,135.0
2738,0.009182134570765665,23.0,97.0,134.0
2739,0.009170533642691416,23.0,97.0,134.0
2740,0.009158932714617173,23.0,96.0,134.0
2741,0.009147331786542923,23.0,96.0,134.0
2742,0.00913573085846868,23.0,96.0,134.0
2743,0.00912412993039443,23.0,96.0,134.0
2744,0.009112529002320187,23.0,96.0,134.0
2745,0.009100928074245944,23.0,96.0,134.0
2746,0.009089327146171694,23.0,96.0,134.0
2747,0.009077726218097451,23.0,96.0,134.0
2748,0.009066125290023201,23.0,96.0,134.0
2749,0.009054524361948958,23.0,96.0,134.0
2750,0.009042923433874708,23.0,95.0,134.0
2751,0.009031322505800465,23.0,95.0,134.0
2752,0.009019721577726222,23.0,95.0,134.0
2753,0.009008120649651973,23.0,95.0,134.0
2754,0.00899651972157773,23.0,95.0,134.0
2755,0.00898491879350348,23.0,95.0,134.0
2756,0.008973317865429237,23.0,95.0,134.0
2757,0.008961716937354987,23.0,95.0,134.0
2758,0.008950116009280744,23.0,95.0,134.0
2759,0.008938515081206494,23.0,95.0,134.0
2760,0.008926914153132251,23.0,94.0,134.0
2761,0.008915313225058008,23.0,94.0,134.0
2762,0.008903712296983758,23.0,94.0,134.0
2763,0.008892111368909515,23.0,94.0,134.0
2764,0.008880510440835265,23.0,94.0,134.0
2765,0.008868909512761022,23.0,94.0,134.0
2766,0.008857308584686772,23.0,94.0,134.0
2767,0.00884570765661253,23.0,94.0,134.0
2768,0.008834106728538287,23.0,94.0,134.0
2769,0.008822505800464037,23.0,93.0,134.0
2770,0.008810904872389794,23.0,93.0,134.0
2771,0.008799303944315544,23.0,93.0,134.0
2772,0.0087877030162413,23.0,93.0,134.0
2773,0.008776102088167051,23.0,93.0,134.0
2774,0.008764501160092808,23.0,93.0,134.0
2775,0.008752900232018565,23.0,93.0,134.0
2776,0.008741299303944315,23.0,93.0,134.0
2777,0.008729698375870072,23.0,93.0,134.0
2778,0.008718097447795822,23.0,93.0,134.0
2779,0.00870649651972158,23.0,92.0,134.0
2780,0.00869489559164733,23.0,92.0,134.0
2781,0.008683294663573086,23.0,92.0,134.0
2782,0.008671693735498844,23.0,92.0,134.0
2783,0.008660092807424594,23.0,92.0,134.0
2784,0.00864849187935035,23.0,92.0,134.0
2785,0.0086368909512761,23.0,92.0,134.0
2786,0.008625290023201858,23.0,92.0,134.0
2787,0.008613689095127608,23.0,92.0,134.0
2788,0.008602088167053365,23.0,92.0,134.0
2789,0.008590487238979122,23.0,91.0,134.0
2790,0.008578886310904872,23.0,91.0,134.0
2791,0.00856728538283063,23.0,91.0,134.0
2792,0.00855568445475638,23.0,91.0,134.0
2793,0.008544083526682136,23.0,91.0,134.0
2794,0.008532482598607886,23.0,91.0,133.0
2795,0.008520881670533643,23.0,91.0,133.0
2796,0.0085092807424594,23.0,91.0,133.0
2797,0.00849767981438515,23.0,91.0,133.0
2798,0.008486078886310908,23.0,90.0,133.0
2799,0.008474477958236658,23.0,90.0,133.0
2800,0.008462877030162415,23.0,90.0,133.0
2801,0.008451276102088165,23.0,90.0,133.0
2802,0.008439675174013922,23.0,90.0,133.0
2803,0.008428074245939679,23.0,90.0,133.0
2804,0.008416473317865429,23.0,90.0,133.0
2805,0.008404872389791186,23.0,90.0,133.0
2806,0.008393271461716936,23.0,90.0,133.0
2807,0.008381670533642693,23.0,90.0,133.0
2808,0.008370069605568443,23.0,89.0,133.0
2809,0.0083584686774942,23.0,89.0,133.0
2810,0.008346867749419958,23.0,89.0,133.0
2811,0.008335266821345708,23.0,89.0,133.0
2812,0.008323665893271465,23.0,89.0,133.0
2813,0.008312064965197215,23.0,89.0,133.0
2814,0.008300464037122972,23.0,89.0,133.0
2815,0.008288863109048722,23.0,89.0,133.0
2816,0.008277262180974479,23.0,89.0,133.0
2817,0.008265661252900236,22.0,89.0,133.0
2818,0.008254060324825986,22.0,88.0,133.0
2819,0.008242459396751743,22.0,88.0,133.0
2820,0.008230858468677493,22.0,88.0,133.0
2821,0.00821925754060325,22.0,88.0,133.0
2822,0.008207656612529,22.0,88.0,133.0
2823,0.008196055684454757,22.0,88.0,133.0
2824,0.008184454756380515,22.0,88.0,133.0
2825,0.008172853828306265,22.0,88.0,133.0
2826,0.008161252900232022,22.0,88.0,133.0
2827,0.008149651972157772,22.0,87.0,133.0
2828,0.008138051044083529,22.0,87.0,133.0
2829,0.008126450116009279,22.0,87.0,133.0
2830,0.008114849187935036,22.0,87.0,133.0
2831,0.008103248259860793,22.0,87.0,133.0
2832,0.008091647331786543,22.0,87.0,133.0
2833,0.0080800464037123,22.0,87.0,133.0
2834,0.00806844547563805,22.0,87.0,133.0
2835,0.008056844547563807,22.0,87.0,133.0
2836,0.008045243619489557,22.0,87.0,133.0
2837,0.008033642691415314,22.0,86.0,133.0
2838,0.008022041763341071,22.0,86.0,133.0
2839,0.008010440835266822,22.0,86.0,133.0
2840,0.007998839907192579,22.0,86.0,133.0
2841,0.007987238979118329,22.0,86.0,133.0
2842,0.007975638051044086,22.0,86.0,133.0
2843,0.007964037122969836,22.0,86.0,133.0
2844,0.007952436194895593,22.0,86.0,133.0
2845,0.00794083526682135,22.0,86.0,133.0
2846,0.0079292343387471,22.0,86.0,133.0
2847,0.007917633410672857,22.0,85.0,133.0
2848,0.007906032482598607,22.0,85.0,133.0
2849,0.007894431554524364,22.0,85.0,132.0
2850,0.007882830626450114,22.0,85.0,132.0
2851,0.007871229698375871,22.0,85.0,132.0
2852,0.007859628770301628,22.0,85.0,132.0
2853,0.007848027842227379,22.0,85.0,132.0
2854,0.007836426914153136,22.0,85.0,132.0
2855,0.007824825986078886,22.0,85.0,132.0
2856,0.007813225058004643,22.0,84.0,132.0
2857,0.007801624129930393,22.0,84.0,132.0
2858,0.00779002320185615,22.0,84.0,132.0
2859,0.007778422273781907,22.0,84.0,132.0
2860,0.007766821345707657,22.0,84.0,132.0
2861,0.007755220417633414,22.0,84.0,132.0
2862,0.007743619489559164,22.0,84.0,132.0
2863,0.007732018561484921,22.0,84.0,132.0
2864,0.007720417633410671,22.0,84.0,132.0
2865,0.007708816705336428,22.0,84.0,132.0
2866,0.0076972157772621855,22.0,83.0,132.0
2867,0.007685614849187936,22.0,83.0,132.0
2868,0.007674013921113693,22.0,83.0,132.0
2869,0.007662412993039443,22.0,83.0,132.0
2870,0.0076508120649652,22.0,83.0,132.0
2871,0.00763921113689095,22.0,83.0,132.0
2872,0.007627610208816707,22.0,83.0,132.0
2873,0.007616009280742464,22.0,83.0,132.0
2874,0.007604408352668214,22.0,83.0,132.0
2875,0.007592807424593971,22.0,83.0,132.0
2876,0.007581206496519721,22.0,82.0,132.0
2877,0.007569605568445478,22.0,82.0,132.0
2878,0.007558004640371228,22.0,82.0,132.0
2879,0.007546403712296985,22.0,82.0,132.0
2880,0.0075348027842227355,22.0,82.0,132.0
2881,0.007523201856148493,22.0,82.0,132.0
2882,0.00751160092807425,22.0,82.0,132.0
2883,0.0075,22.0,82.0,132.0
2884,0.007488399071925757,22.0,82.0,132.0
2885,0.007476798143851507,22.0,81.0,132.0
2886,0.007465197215777264,22.0,81.0,132.0
2887,0.007453596287703014,22.0,81.0,132.0
2888,0.007441995359628771,22.0,81.0,132.0
2889,0.007430394431554528,22.0,81.0,132.0
2890,0.007418793503480278,22.0,81.0,132.0
2891,0.007407192575406035,22.0,81.0,132.0
2892,0.007395591647331785,22.0,81.0,132.0
2893,0.007383990719257542,22.0,81.0,132.0
2894,0.0073723897911832925,22.0,81.0,132.0
2895,0.0073607888631090496,22.0,80.0,132.0
2896,0.007349187935034807,22.0,80.0,132.0
2897,0.007337587006960557,22.0,80.0,132.0
2898,0.007325986078886314,22.0,80.0,132.0
2899,0.007314385150812064,22.0,80.0,132.0
2900,0.007302784222737821,22.0,80.0,132.0
2901,0.007291183294663571,22.0,80.0,132.0
2902,0.007279582366589328,22.0,80.0,132.0
2903,0.007267981438515085,22.0,80.0,132.0
2904,0.007256380510440835,22.0,80.0,132.0
2905,0.007244779582366592,22.0,79.0,131.0
2906,0.007233178654292342,22.0,79.0,131.0
2907,0.007221577726218099,22.0,79.0,131.0
2908,0.0072099767981438495,22.0,79.0,131.0
2909,0.0071983758700696066,22.0,79.0,131.0
2910,0.007186774941995364,22.0,79.0,131.0
2911,0.007175174013921114,22.0,79.0,131.0
2912,0.007163573085846871,22.0,79.0,131.0
2913,0.007151972157772621,22.0,79.0,131.0
2914,0.007140371229698378,22.0,78.0,131.0
2915,0.007128770301624128,22.0,78.0,131.0
2916,0.007117169373549885,22.0,78.0,131.0
2917,0.007105568445475642,22.0,78.0,131.0
2918,0.007093967517401392,22.0,78.0,131.0
2919,0.007082366589327149,22.0,78.0,131.0
2920,0.007070765661252899,22.0,78.0,131.0
2921,0.007059164733178656,22.0,78.0,131.0
2922,0.0070475638051044065,22.0,78.0,131.0
2923,0.0070359628770301635,22.0,78.0,131.0
2924,0.007024361948955921,22.0,77.0,131.0
2925,0.007012761020881671,22.0,77.0,131.0
2926,0.007001160092807428,22.0,77.0,131.0
2927,0.006989559164733178,22.0,77.0,131.0
2928,0.006977958236658935,22.0,77.0,131.0
2929,0.006966357308584685,22.0,77.0,131.0
2930,0.006954756380510442,22.0,77.0,131.0
2931,0.006943155452436199,22.0,77.0,131.0
2932,0.006931554524361949,22.0,77.0,131.0
2933,0.006919953596287706,22.0,76.0,131.0
2934,0.006908352668213456,22.0,76.0,131.0
2935,0.006896751740139213,22.0,76.0,131.0
2936,0.0068851508120649635,22.0,76.0,131.0
2937,0.0068735498839907205,22.0,76.0,131.0
2938,0.006861948955916478,22.0,76.0,131.0
2939,0.006850348027842228,22.0,76.0,131.0
2940,0.006838747099767985,22.0,76.0,131.0
2941,0.006827146171693735,22.0,76.0,131.0
2942,0.006815545243619492,22.0,75.0,131.0
2943,0.006803944315545242,22.0,75.0,131.0
2944,0.006792343387470999,22.0,75.0,131.0
2945,0.006780742459396756,22.0,75.0,131.0
2946,0.006769141531322506,22.0,75.0,131.0
2947,0.006757540603248263,22.0,75.0,131.0
2948,0.006745939675174013,22.0,75.0,131.0
2949,0.00673433874709977,22.0,75.0,130.0
2950,0.0067227378190255205,22.0,75.0,130.0
2951,0.0067111368909512775,22.0,74.0,130.0
2952,0.006699535962877035,22.0,74.0,130.0
2953,0.006687935034802785,22.0,74.0,130.0
2954,0.006676334106728542,22.0,74.0,130.0
2955,0.006664733178654292,22.0,74.0,130.0
2956,0.006653132250580049,22.0,74.0,130.0
2957,0.006641531322505799,22.0,74.0,130.0
2958,0.006629930394431556,22.0,74.0,130.0
2959,0.006618329466357313,22.0,74.0,130.0
2960,0.006606728538283063,22.0,73.0,130.0
2961,0.00659512761020882,22.0,73.0,130.0
2962,0.00658352668213457,22.0,73.0,130.0
2963,0.006571925754060327,22.0,73.0,130.0
2964,0.0065603248259860775,22.0,73.0,130.0
2965,0.0065487238979118345,22.0,73.0,130.0
2966,0.0065371229698375916,22.0,73.0,130.0
2967,0.006525522041763342,22.0,73.0,130.0
2968,0.006513921113689099,22.0,73.0,130.0
2969,0.006502320185614849,22.0,72.0,130.0
2970,0.006490719257540606,22.0,72.0,130.0
2971,0.006479118329466356,22.0,72.0,130.0
2972,0.006467517401392113,22.0,72.0,130.0
2973,0.00645591647331787,22.0,72.0,130.0
2974,0.00644431554524362,22.0,72.0,130.0
2975,0.006432714617169377,22.0,72.0,130.0
2976,0.006421113689095127,22.0,72.0,130.0
2977,0.006409512761020884,22.0,71.0,130.0
2978,0.0063979118329466345,22.0,71.0,130.0
2979,0.0063863109048723915,22.0,71.0,129.0
2980,0.0063747099767981485,22.0,71.0,129.0
2981,0.006363109048723899,22.0,71.0,129.0
2982,0.006351508120649656,22.0,71.0,129.0
2983,0.006339907192575406,22.0,71.0,129.0
2984,0.006328306264501163,22.0,71.0,129.0
2985,0.006316705336426913,22.0,71.0,129.0
2986,0.00630510440835267,22.0,70.0,129.0
2987,0.006293503480278427,22.0,70.0,129.0
2988,0.006281902552204177,22.0,70.0,129.0
2989,0.006270301624129934,22.0,70.0,129.0
2990,0.006258700696055684,22.0,70.0,129.0
2991,0.006247099767981441,22.0,70.0,129.0
2992,0.0062354988399071914,22.0,70.0,129.0
2993,0.0062238979118329485,22.0,70.0,129.0
2994,0.0062122969837587055,22.0,70.0,129.0
2995,0.006200696055684456,22.0,69.0,129.0
2996,0.006189095127610213,22.0,69.0,129.0
2997,0.006177494199535963,22.0,69.0,129.0
2998,0.00616589327146172,22.0,69.0,129.0
2999,0.00615429234338747,22.0,69.0,129.0
3000,0.006142691415313227,22.0,69.0,129.0
3001,0.006131090487238984,22.0,69.0,129.0
3002,0.006119489559164734,22.0,69.0,129.0
3003,0.006107888631090491,22.0,69.0,129.0
3004,0.006096287703016241,22.0,68.0,129.0
3005,0.006084686774941998,22.0,68.0,129.0
3006,0.0060730858468677484,22.0,68.0,129.0
3007,0.0060614849187935055,22.0,68.0,129.0
3008,0.0060498839907192625,22.0,68.0,129.0
3009,0.006038283062645013,22.0,68.0,128.0
3010,0.00602668213457077,22.0,68.0,128.0
3011,0.00601508120649652,22.0,68.0,128.0
3012,0.006003480278422277,22.0,67.0,128.0
3013,0.005991879350348027,22.0,67.0,128.0
3014,0.005980278422273784,22.0,67.0,128.0
3015,0.005968677494199534,22.0,67.0,128.0
3016,0.005957076566125291,22.0,67.0,128.0
3017,0.005945475638051048,22.0,67.0,128.0
3018,0.005933874709976798,22.0,67.0,128.0
3019,0.005922273781902555,22.0,67.0,128.0
3020,0.005910672853828305,22.0,67.0,128.0
3021,0.0058990719257540625,22.0,66.0,128.0
3022,0.005887470997679813,22.0,66.0,128.0
3023,0.00587587006960557,22.0,66.0,128.0
3024,0.005864269141531327,22.0,66.0,128.0
3025,0.005852668213457077,22.0,66.0,128.0
3026,0.005841067285382834,22.0,66.0,128.0
3027,0.005829466357308584,22.0,66.0,128.0
3028,0.005817865429234341,22.0,66.0,128.0
3029,0.005806264501160091,22.0,65.0,128.0
3030,0.005794663573085848,22.0,65.0,128.0
3031,0.005783062645011605,22.0,65.0,128.0
3032,0.005771461716937355,22.0,65.0,127.0
3033,0.005759860788863112,22.0,65.0,127.0
3034,0.005748259860788862,22.0,65.0,127.0
3035,0.0057366589327146195,22.0,65.0,127.0
3036,0.00572505800464037,22.0,65.0,127.0
3037,0.005713457076566127,22.0,64.0,127.0
3038,0.005701856148491884,22.0,64.0,127.0
3039,0.005690255220417634,22.0,64.0,127.0
3040,0.005678654292343391,22.0,64.0,127.0
3041,0.005667053364269141,22.0,64.0,127.0
3042,0.005655452436194898,22.0,64.0,127.0
3043,0.005643851508120648,23.0,64.0,127.0
3044,0.005632250580046405,23.0,63.0,127.0
3045,0.005620649651972162,23.0,63.0,127.0
3046,0.005609048723897912,23.0,63.0,127.0
3047,0.005597447795823669,23.0,63.0,127.0
3048,0.005585846867749419,23.0,63.0,127.0
3049,0.0055742459396751765,23.0,63.0,127.0
3050,0.0055626450116009266,23.0,63.0,127.0
3051,0.005551044083526684,23.0,63.0,126.0
3052,0.005539443155452441,23.0,62.0,126.0
3053,0.005527842227378191,23.0,62.0,126.0
3054,0.005516241299303948,23.0,62.0,126.0
3055,0.005504640371229698,23.0,62.0,126.0
3056,0.005493039443155455,23.0,62.0,126.0
3057,0.005481438515081205,23.0,62.0,126.0
3058,0.005469837587006962,23.0,62.0,126.0
3059,0.005458236658932719,23.0,62.0,126.0
3060,0.005446635730858469,23.0,61.0,126.0
3061,0.005435034802784226,23.0,61.0,126.0
3062,0.005423433874709976,23.0,61.0,126.0
3063,0.0054118329466357334,23.0,61.0,126.0
3064,0.0054002320185614835,23.0,61.0,126.0
3065,0.005388631090487241,23.0,61.0,126.0
3066,0.005377030162412998,23.0,61.0,126.0
3067,0.005365429234338748,23.0,61.0,126.0
3068,0.005353828306264505,23.0,60.0,126.0
3069,0.005342227378190255,23.0,60.0,126.0
3070,0.005330626450116012,23.0,60.0,125.0
3071,0.005319025522041762,23.0,60.0,125.0
3072,0.005307424593967519,23.0,60.0,125.0
3073,0.005295823665893276,23.0,60.0,125.0
3074,0.005284222737819026,23.0,60.0,125.0
3075,0.005272621809744783,23.0,60.0,125.0
3076,0.005261020881670533,23.0,59.0,125.0
3077,0.00524941995359629,23.0,59.0,125.0
3078,0.0052378190255220405,23.0,59.0,125.0
3079,0.005226218097447798,23.0,59.0,125.0
3080,0.005214617169373555,23.0,59.0,125.0
3081,0.005203016241299305,23.0,59.0,125.0
3082,0.005191415313225062,23.0,59.0,125.0
3083,0.005179814385150812,23.0,58.0,125.0
3084,0.005168213457076569,23.0,58.0,125.0
3085,0.005156612529002319,23.0,58.0,125.0
3086,0.005145011600928076,23.0,58.0,125.0
3087,0.005133410672853833,23.0,58.0,125.0
3088,0.005121809744779583,23.0,58.0,125.0
3089,0.00511020881670534,23.0,58.0,124.0
3090,0.00509860788863109,23.0,58.0,124.0
3091,0.005087006960556847,23.0,57.0,124.0
3092,0.0050754060324825975,23.0,57.0,124.0
3093,0.005063805104408355,23.0,57.0,124.0
3094,0.005052204176334112,23.0,57.0,124.0
3095,0.005040603248259862,23.0,57.0,124.0
3096,0.005029002320185619,23.0,57.0,124.0
3097,0.005017401392111369,23.0,57.0,124.0
3098,0.005005800464037126,23.0,57.0,124.0
3099,0.004994199535962876,24.0,56.0,124.0
3100,0.004982598607888633,24.0,56.0,124.0
3101,0.00497099767981439,24.0,56.0,124.0
3102,0.00495939675174014,24.0,56.0,124.0
3103,0.004947795823665897,24.0,56.0,124.0
3104,0.004936194895591647,24.0,56.0,124.0
3105,0.004924593967517404,24.0,56.0,124.0
3106,0.0049129930394431545,24.0,56.0,124.0
3107,0.0049013921113689116,24.0,55.0,124.0
3108,0.004889791183294669,24.0,55.0,123.0
3109,0.004878190255220419,24.0,55.0,123.0
3110,0.004866589327146176,24.0,55.0,123.0
3111,0.004854988399071926,24.0,55.0,123.0
3112,0.004843387470997683,24.0,55.0,123.0
3113,0.004831786542923433,24.0,55.0,123.0
3114,0.00482018561484919,24.0,55.0,123.0
3115,0.004808584686774947,24.0,54.0,123.0
3116,0.004796983758700697,24.0,54.0,123.0
3117,0.004785382830626454,24.0,54.0,123.0
3118,0.004773781902552204,24.0,54.0,123.0
3119,0.004762180974477961,24.0,54.0,123.0
3120,0.0047505800464037115,24.0,54.0,123.0
3121,0.0047389791183294686,24.0,54.0,123.0
3122,0.004727378190255226,24.0,53.0,123.0
3123,0.004715777262180976,24.0,53.0,123.0
3124,0.004704176334106733,24.0,53.0,123.0
3125,0.004692575406032483,24.0,53.0,123.0
3126,0.00468097447795824,24.0,53.0,122.0
3127,0.00466937354988399,24.0,53.0,122.0
3128,0.004657772621809747,24.0,53.0,122.0
3129,0.004646171693735504,24.0,53.0,122.0
3130,0.004634570765661254,24.0,52.0,122.0
3131,0.004622969837587011,24.0,52.0,122.0
3132,0.004611368909512761,24.0,52.0,122.0
3133,0.004599767981438518,24.0,52.0,122.0
3134,0.0045881670533642685,24.0,52.0,122.0
3135,0.0045765661252900255,24.0,52.0,122.0
3136,0.004564965197215776,24.0,52.0,122.0
3137,0.004553364269141533,24.0,52.0,122.0
3138,0.00454176334106729,24.0,51.0,122.0
3139,0.00453016241299304,24.0,51.0,122.0
3140,0.004518561484918797,24.0,51.0,122.0
3141,0.004506960556844547,24.0,51.0,122.0
3142,0.004495359628770304,24.0,51.0,122.0
3143,0.004483758700696054,24.0,51.0,122.0
3144,0.004472157772621811,24.0,51.0,122.0
3145,0.004460556844547568,24.0,51.0,121.0
3146,0.004448955916473318,24.0,50.0,121.0
3147,0.004437354988399075,24.0,50.0,121.0
3148,0.0044257540603248255,24.0,50.0,121.0
3149,0.0044141531322505825,24.0,50.0,121.0
3150,0.004402552204176333,24.0,50.0,121.0
3151,0.00439095127610209,24.0,50.0,121.0
3152,0.004379350348027847,24.0,50.0,121.0
3153,0.004367749419953597,24.0,49.0,121.0
3154,0.004356148491879354,25.0,49.0,121.0
3155,0.004344547563805104,25.0,49.0,121.0
3156,0.004332946635730861,25.0,49.0,121.0
3157,0.004321345707656611,25.0,49.0,121.0
3158,0.004309744779582368,25.0,49.0,121.0
3159,0.004298143851508125,25.0,49.0,121.0
3160,0.004286542923433875,25.0,49.0,121.0
3161,0.004274941995359632,25.0,48.0,121.0
3162,0.0042633410672853825,25.0,48.0,121.0
3163,0.0042517401392111395,25.0,48.0,121.0
3164,0.00424013921113689,25.0,48.0,120.0
3165,0.004228538283062647,25.0,48.0,120.0
3166,0.004216937354988404,25.0,48.0,120.0
3167,0.004205336426914154,25.0,48.0,120.0
3168,0.004193735498839911,25.0,48.0,120.0
3169,0.004182134570765661,25.0,47.0,120.0
3170,0.004170533642691418,25.0,47.0,120.0
3171,0.004158932714617168,25.0,47.0,120.0
3172,0.004147331786542925,25.0,47.0,120.0
3173,0.004135730858468682,25.0,47.0,120.0
3174,0.004124129930394432,25.0,47.0,120.0
3175,0.004112529002320189,25.0,47.0,120.0
3176,0.0041009280742459395,25.0,47.0,120.0
3177,0.0040893271461716965,25.0,46.0,120.0
3178,0.004077726218097447,25.0,46.0,120.0
3179,0.004066125290023204,25.0,46.0,120.0
3180,0.004054524361948961,25.0,46.0,120.0
3181,0.004042923433874711,25.0,46.0,120.0
3182,0.004031322505800468,25.0,46.0,120.0
3183,0.004019721577726218,25.0,46.0,119.0
3184,0.004008120649651975,25.0,46.0,119.0
3185,0.003996519721577725,25.0,45.0,119.0
3186,0.003984918793503482,25.0,45.0,119.0
3187,0.003973317865429239,25.0,45.0,119.0
3188,0.003961716937354989,25.0,45.0,119.0
3189,0.003950116009280746,25.0,45.0,119.0
3190,0.0039385150812064965,25.0,45.0,119.0
3191,0.0039269141531322535,25.0,45.0,119.0
3192,0.003915313225058004,25.0,44.0,119.0
3193,0.0039037122969837607,25.0,44.0,119.0
3194,0.0038921113689095177,25.0,44.0,119.0
3195,0.003880510440835268,25.0,44.0,119.0
3196,0.003868909512761025,25.0,44.0,119.0
3197,0.003857308584686775,25.0,44.0,119.0
3198,0.003845707656612532,25.0,44.0,119.0
3199,0.003834106728538282,25.0,44.0,119.0
3200,0.003822505800464039,25.0,43.0,119.0
3201,0.003810904872389796,25.0,43.0,119.0
3202,0.0037993039443155463,25.0,43.0,118.0
3203,0.0037877030162413033,25.0,43.0,118.0
3204,0.0037761020881670534,25.0,43.0,118.0
3205,0.0037645011600928105,25.0,43.0,118.0
3206,0.0037529002320185606,25.0,43.0,118.0
3207,0.0037412993039443176,25.0,43.0,118.0
3208,0.0037296983758700747,25.0,42.0,118.0
3209,0.003718097447795825,26.0,42.0,118.0
3210,0.003706496519721582,26.0,42.0,118.0
3211,0.003694895591647332,26.0,42.0,118.0
3212,0.003683294663573089,26.0,42.0,118.0
3213,0.003671693735498839,26.0,42.0,118.0
3214,0.003660092807424596,26.0,42.0,118.0
3215,0.003648491879350353,26.0,42.0,118.0
3216,0.0036368909512761033,26.0,41.0,118.0
3217,0.0036252900232018603,26.0,41.0,118.0
3218,0.0036136890951276104,26.0,41.0,118.0
3219,0.0036020881670533675,26.0,41.0,118.0
3220,0.0035904872389791176,26.0,41.0,118.0
3221,0.0035788863109048746,26.0,41.0,117.0
3222,0.0035672853828306317,26.0,41.0,117.0
3223,0.003555684454756382,26.0,41.0,117.0
3224,0.003544083526682139,26.0,40.0,117.0
3225,0.003532482598607889,26.0,40.0,117.0
3226,0.003520881670533646,26.0,40.0,117.0
3227,0.003509280742459396,26.0,40.0,117.0
3228,0.003497679814385153,26.0,40.0,117.0
3229,0.00348607888631091,26.0,40.0,117.0
3230,0.0034744779582366603,26.0,40.0,117.0
3231,0.0034628770301624173,26.0,39.0,117.0
3232,0.0034512761020881674,26.0,39.0,117.0
3233,0.0034396751740139245,26.0,39.0,117.0
3234,0.0034280742459396746,26.0,39.0,117.0
3235,0.0034164733178654316,26.0,39.0,117.0
3236,0.0034048723897911887,26.0,39.0,117.0
3237,0.0033932714617169388,26.0,39.0,117.0
3238,0.003381670533642696,26.0,39.0,117.0
3239,0.003370069605568446,26.0,38.0,116.0
3240,0.003358468677494203,26.0,38.0,116.0
3241,0.003346867749419953,26.0,38.0,116.0
3242,0.00333526682134571,26.0,38.0,116.0
3243,0.003323665893271467,26.0,38.0,116.0
3244,0.0033120649651972173,26.0,38.0,116.0
3245,0.0033004640371229743,26.0,38.0,116.0
3246,0.0032888631090487244,26.0,38.0,116.0
3247,0.0032772621809744815,26.0,37.0,116.0
3248,0.0032656612529002316,26.0,37.0,116.0
3249,0.0032540603248259886,26.0,37.0,116.0
3250,0.0032424593967517457,26.0,37.0,116.0
3251,0.0032308584686774958,26.0,37.0,116.0
3252,0.003219257540603253,26.0,37.0,116.0
3253,0.003207656612529003,26.0,37.0,116.0
3254,0.00319605568445476,26.0,37.0,116.0
3255,0.00318445475638051,26.0,36.0,116.0
3256,0.003172853828306267,26.0,36.0,116.0
3257,0.003161252900232024,26.0,36.0,116.0
3258,0.0031496519721577743,26.0,36.0,115.0
3259,0.0031380510440835313,26.0,36.0,115.0
3260,0.0031264501160092814,26.0,36.0,115.0
3261,0.0031148491879350385,26.0,36.0,115.0
3262,0.0031032482598607886,26.0,36.0,115.0
3263,0.0030916473317865456,26.0,35.0,115.0
3264,0.0030800464037123026,26.0,35.0,115.0
3265,0.0030684454756380528,27.0,35.0,115.0
3266,0.00305684454756381,27.0,35.0,115.0
3267,0.00304524361948956,27.0,35.0,115.0
3268,0.003033642691415317,27.0,35.0,115.0
3269,0.003022041763341067,27.0,35.0,115.0
3270,0.003010440835266824,27.0,34.0,115.0
3271,0.002998839907192574,27.0,34.0,115.0
3272,0.0029872389791183313,27.0,34.0,115.0
3273,0.0029756380510440883,27.0,34.0,115.0
3274,0.0029640371229698384,27.0,34.0,115.0
3275,0.0029524361948955954,27.0,34.0,115.0
3276,0.0029408352668213456,27.0,34.0,115.0
3277,0.0029292343387471026,27.0,34.0,114.0
3278,0.0029176334106728527,27.0,33.0,114.0
3279,0.0029060324825986097,27.0,33.0,114.0
3280,0.002894431554524367,27.0,33.0,114.0
3281,0.002882830626450117,27.0,33.0,114.0
3282,0.002871229698375874,27.0,33.0,114.0
3283,0.002859628770301624,27.0,33.0,114.0
3284,0.002848027842227381,27.0,33.0,114.0
3285,0.002836426914153131,27.0,33.0,114.0
3286,0.0028248259860788882,27.0,32.0,114.0
3287,0.0028132250580046453,27.0,32.0,114.0
3288,0.0028016241299303954,27.0,32.0,114.0
3289,0.0027900232018561524,27.0,32.0,114.0
3290,0.0027784222737819025,27.0,32.0,114.0
3291,0.0027668213457076596,27.0,32.0,114.0
3292,0.0027552204176334097,27.0,32.0,114.0
3293,0.0027436194895591667,27.0,32.0,114.0
3294,0.0027320185614849238,27.0,31.0,114.0
3295,0.002720417633410674,27.0,31.0,114.0
3296,0.002708816705336431,27.0,31.0,113.0
3297,0.002697215777262181,27.0,31.0,113.0
3298,0.002685614849187938,27.0,31.0,113.0
3299,0.002674013921113688,27.0,31.0,113.0
3300,0.0026624129930394452,27.0,31.0,113.0
3301,0.0026508120649652023,27.0,30.0,113.0
3302,0.0026392111368909524,27.0,30.0,113.0
3303,0.0026276102088167094,27.0,30.0,113.0
3304,0.0026160092807424595,27.0,30.0,113.0
3305,0.0026044083526682166,27.0,30.0,113.0
3306,0.0025928074245939667,27.0,30.0,113.0
3307,0.0025812064965197237,27.0,30.0,113.0
3308,0.0025696055684454808,27.0,30.0,113.0
3309,0.002558004640371231,27.0,29.0,113.0
3310,0.002546403712296988,27.0,29.0,113.0
3311,0.002534802784222738,27.0,29.0,113.0
3312,0.002523201856148495,27.0,29.0,113.0
3313,0.002511600928074245,27.0,29.0,113.0
3314,0.0025000000000000022,27.0,29.0,113.0
3315,0.0024883990719257593,27.0,29.0,112.0
3316,0.0024767981438515094,27.0,29.0,112.0
3317,0.0024651972157772664,27.0,28.0,112.0
3318,0.0024535962877030165,27.0,28.0,112.0
3319,0.0024419953596287736,27.0,28.0,112.0
3320,0.0024303944315545237,28.0,28.0,112.0
3321,0.0024187935034802807,28.0,28.0,112.0
3322,0.0024071925754060378,28.0,28.0,112.0
3323,0.002395591647331788,28.0,28.0,112.0
3324,0.002383990719257545,28.0,28.0,112.0
3325,0.002372389791183295,28.0,27.0,112.0
3326,0.002360788863109052,28.0,27.0,112.0
3327,0.002349187935034802,28.0,27.0,112.0
3328,0.002337587006960559,28.0,27.0,112.0
3329,0.0023259860788863163,28.0,27.0,112.0
3330,0.0023143851508120664,28.0,27.0,112.0
3331,0.0023027842227378234,28.0,27.0,112.0
3332,0.0022911832946635735,28.0,27.0,112.0
3333,0.0022795823665893306,28.0,26.0,112.0
3334,0.0022679814385150807,28.0,26.0,111.0
3335,0.0022563805104408377,28.0,26.0,111.0
3336,0.0022447795823665948,28.0,26.0,111.0
3337,0.002233178654292345,28.0,26.0,111.0
3338,0.002221577726218102,28.0,26.0,111.0
3339,0.002209976798143852,28.0,26.0,111.0
3340,0.002198375870069609,28.0,25.0,111.0
3341,0.002186774941995359,28.0,25.0,111.0
3342,0.002175174013921116,28.0,25.0,111.0
3343,0.0021635730858468732,28.0,25.0,111.0
3344,0.0021519721577726234,28.0,25.0,111.0
3345,0.0021403712296983804,28.0,25.0,111.0
3346,0.0021287703016241305,28.0,25.0,111.0
3347,0.0021171693735498875,28.0,25.0,111.0
3348,0.0021055684454756377,28.0,24.0,111.0
3349,0.0020939675174013947,28.0,24.0,111.0
3350,0.0020823665893271517,28.0,24.0,111.0
3351,0.002070765661252902,28.0,24.0,111.0
3352,0.002059164733178659,28.0,24.0,111.0
3353,0.002047563805104409,28.0,24.0,110.0
3354,0.002035962877030166,28.0,24.0,110.0
3355,0.002024361948955916,28.0,24.0,110.0
3356,0.002012761020881673,28.0,23.0,110.0
3357,0.0020011600928074302,28.0,23.0,110.0
3358,0.0019895591647331803,28.0,23.0,110.0
3359,0.0019779582366589374,28.0,23.0,110.0
3360,0.0019663573085846875,28.0,23.0,110.0
3361,0.0019547563805104445,28.0,23.0,110.0
3362,0.0019431554524361946,28.0,23.0,110.0
3363,0.0019315545243619517,28.0,23.0,110.0
3364,0.0019199535962877087,28.0,22.0,110.0
3365,0.0019083526682134588,28.0,22.0,110.0
3366,0.0018967517401392159,28.0,22.0,110.0
3367,0.001885150812064966,28.0,22.0,110.0
3368,0.001873549883990723,28.0,22.0,110.0
3369,0.0018619489559164731,28.0,22.0,110.0
3370,0.0018503480278422302,28.0,22.0,110.0
3371,0.0018387470997679872,28.0,22.0,109.0
3372,0.0018271461716937373,28.0,21.0,109.0
3373,0.0018155452436194944,28.0,21.0,109.0
3374,0.0018039443155452445,28.0,21.0,109.0
3375,0.0017923433874710015,29.0,21.0,109.0
3376,0.0017807424593967516,29.0,21.0,109.0
3377,0.0017691415313225087,29.0,21.0,109.0
3378,0.0017575406032482657,29.0,21.0,109.0
3379,0.0017459396751740158,29.0,20.0,109.0
3380,0.0017343387470997729,29.0,20.0,109.0
3381,0.001722737819025523,29.0,20.0,109.0
3382,0.00171113689095128,29.0,20.0,109.0
3383,0.0016995359628770301,29.0,20.0,109.0
3384,0.0016879350348027872,29.0,20.0,109.0
3385,0.0016763341067285442,29.0,20.0,109.0
3386,0.0016647331786542943,29.0,20.0,109.0
3387,0.0016531322505800514,29.0,19.0,109.0
3388,0.0016415313225058015,29.0,19.0,109.0
3389,0.0016299303944315585,29.0,19.0,109.0
3390,0.0016183294663573086,29.0,19.0,108.0
3391,0.0016067285382830657,29.0,19.0,108.0
3392,0.0015951276102088158,29.0,19.0,108.0
3393,0.0015835266821345728,29.0,19.0,108.0
3394,0.0015719257540603299,29.0,19.0,108.0
3395,0.00156032482598608,29.0,18.0,108.0
3396,0.001548723897911837,29.0,18.0,108.0
3397,0.0015371229698375871,29.0,18.0,108.0
3398,0.0015255220417633442,29.0,18.0,108.0
3399,0.0015139211136890943,29.0,18.0,108.0
3400,0.0015023201856148513,29.0,18.0,108.0
3401,0.0014907192575406084,29.0,18.0,108.0
3402,0.0014791183294663585,29.0,18.0,108.0
3403,0.0014675174013921155,29.0,17.0,108.0
3404,0.0014559164733178656,29.0,17.0,108.0
3405,0.0014443155452436227,29.0,17.0,108.0
3406,0.0014327146171693728,29.0,17.0,108.0
3407,0.0014211136890951298,29.0,17.0,108.0
3408,0.0014095127610208869,29.0,17.0,108.0
3409,0.001397911832946637,29.0,17.0,107.0
3410,0.001386310904872394,29.0,17.0,107.0
3411,0.001374709976798144,29.0,16.0,107.0
3412,0.0013631090487239012,29.0,16.0,107.0
3413,0.0013515081206496513,29.0,16.0,107.0
3414,0.0013399071925754083,29.0,16.0,107.0
3415,0.0013283062645011653,29.0,16.0,107.0
3416,0.0013167053364269155,29.0,16.0,107.0
3417,0.0013051044083526725,29.0,16.0,107.0
3418,0.0012935034802784226,29.0,15.0,107.0
3419,0.0012819025522041796,29.0,15.0,107.0
3420,0.0012703016241299298,29.0,15.0,107.0
3421,0.0012587006960556868,29.0,15.0,107.0
3422,0.0012470997679814438,29.0,15.0,107.0
3423,0.001235498839907194,29.0,15.0,107.0
3424,0.001223897911832951,29.0,15.0,107.0
3425,0.001212296983758701,29.0,15.0,107.0
3426,0.0012006960556844581,29.0,14.0,107.0
3427,0.0011890951276102082,29.0,14.0,107.0
3428,0.0011774941995359653,29.0,14.0,106.0
3429,0.0011658932714617223,29.0,14.0,106.0
3430,0.0011542923433874724,29.0,14.0,106.0
3431,0.0011426914153132295,30.0,14.0,106.0
3432,0.0011310904872389796,30.0,14.0,106.0
3433,0.0011194895591647366,30.0,14.0,106.0
3434,0.0011078886310904867,30.0,13.0,106.0
3435,0.0010962877030162438,30.0,13.0,106.0
3436,0.0010846867749420008,30.0,13.0,106.0
3437,0.001073085846867751,30.0,13.0,106.0
3438,0.001061484918793508,30.0,13.0,106.0
3439,0.001049883990719258,30.0,13.0,106.0
3440,0.0010382830626450151,30.0,13.0,106.0
3441,0.0010266821345707652,30.0,13.0,106.0
3442,0.0010150812064965223,30.0,12.0,106.0
3443,0.0010034802784222793,30.0,12.0,106.0
3444,0.0009918793503480294,30.0,12.0,106.0
3445,0.0009802784222737865,30.0,12.0,106.0
3446,0.0009686774941995366,30.0,12.0,106.0
3447,0.0009570765661252936,30.0,12.0,105.0
3448,0.0009454756380510437,30.0,12.0,105.0
3449,0.0009338747099768008,30.0,12.0,105.0
3450,0.0009222737819025578,30.0,11.0,105.0
3451,0.0009106728538283079,30.0,11.0,105.0
3452,0.000899071925754065,30.0,11.0,105.0
3453,0.0008874709976798151,30.0,11.0,105.0
3454,0.0008758700696055721,30.0,11.0,105.0
3455,0.0008642691415313222,30.0,11.0,105.0
3456,0.0008526682134570793,30.0,11.0,105.0
3457,0.0008410672853828363,30.0,10.0,105.0
3458,0.0008294663573085864,30.0,10.0,105.0
3459,0.0008178654292343435,30.0,10.0,105.0
3460,0.0008062645011600936,30.0,10.0,105.0
3461,0.0007946635730858506,30.0,10.0,105.0
3462,0.0007830626450116007,30.0,10.0,105.0
3463,0.0007714617169373578,30.0,10.0,105.0
3464,0.0007598607888631148,30.0,10.0,105.0
3465,0.0007482598607888649,30.0,9.0,105.0
3466,0.000736658932714622,30.0,9.0,104.0
3467,0.0007250580046403721,30.0,9.0,104.0
3468,0.0007134570765661291,30.0,9.0,104.0
3469,0.0007018561484918792,30.0,9.0,104.0
3470,0.0006902552204176363,30.0,9.0,104.0
3471,0.0006786542923433933,30.0,9.0,104.0
3472,0.0006670533642691434,30.0,9.0,104.0
3473,0.0006554524361949005,30.0,8.0,104.0
3474,0.0006438515081206506,30.0,8.0,104.0
3475,0.0006322505800464076,30.0,8.0,104.0
3476,0.0006206496519721577,30.0,8.0,104.0
3477,0.0006090487238979148,30.0,8.0,104.0
3478,0.0005974477958236718,30.0,8.0,104.0
3479,0.0005858468677494219,30.0,8.0,104.0
3480,0.000574245939675179,30.0,8.0,104.0
3481,0.0005626450116009291,30.0,7.0,104.0
3482,0.0005510440835266861,30.0,7.0,104.0
3483,0.0005394431554524362,30.0,7.0,104.0
3484,0.0005278422273781933,30.0,7.0,104.0
3485,0.0005162412993039503,30.0,7.0,103.0
3486,0.0005046403712297004,31.0,7.0,103.0
3487,0.0004930394431554574,31.0,7.0,103.0
3488,0.00048143851508120755,31.0,6.0,103.0
3489,0.0004698375870069646,31.0,6.0,103.0
3490,0.0004582366589327147,31.0,6.0,103.0
3491,0.00044663573085847175,31.0,6.0,103.0
3492,0.0004350348027842288,31.0,6.0,103.0
3493,0.0004234338747099789,31.0,6.0,103.0
3494,0.00041183294663573594,31.0,6.0,103.0
3495,0.00040023201856148605,31.0,6.0,103.0
3496,0.0003886310904872431,31.0,5.0,103.0
3497,0.0003770301624129932,31.0,5.0,103.0
3498,0.00036542923433875024,31.0,5.0,103.0
3499,0.0003538283062645073,31.0,5.0,103.0
3500,0.0003422273781902574,31.0,5.0,103.0
3501,0.00033062645011601444,31.0,5.0,103.0
3502,0.00031902552204176454,31.0,5.0,103.0
3503,0.0003074245939675216,31.0,5.0,102.0
3504,0.0002958236658932717,31.0,4.0,102.0
3505,0.00028422273781902874,31.0,4.0,102.0
3506,0.0002726218097447858,31.0,4.0,102.0
3507,0.0002610208816705359,31.0,4.0,102.0
3508,0.00024941995359629293,31.0,4.0,102.0
3509,0.00023781902552204304,31.0,4.0,102.0
3510,0.00022621809744780008,31.0,4.0,102.0
3511,0.0002146171693735502,31.0,4.0,102.0
3512,0.00020301624129930723,31.0,3.0,102.0
3513,0.00019141531322506428,31.0,3.0,102.0
3514,0.00017981438515081438,31.0,3.0,102.0
3515,0.00016821345707657143,31.0,3.0,102.0
3516,0.00015661252900232153,31.0,3.0,102.0
3517,0.00014501160092807858,31.0,3.0,102.0
3518,0.00013341067285382868,31.0,3.0,102.0
3519,0.00012180974477958573,31.0,3.0,102.0
3520,0.00011020881670534277,31.0,2.0,102.0
