legend_row,field_value,red,green,blue
6,0.02555826012920413,209.0,224.0,94.0
7,0.02554810990757241,209.0,224.0,94.0
8,0.025537959685940692,209.0,224.0,94.0
9,0.025527809464308975,244.0,247.0,215.0
10,0.02551765924267726,255.0,255.0,255.0
11,0.02550750902104554,221.0,232.0,134.0
12,0.025497358799413825,209.0,224.0,94.0
13,0.025487208577782108,209.0,224.0,94.0
14,0.02547705835615039,209.0,224.0,94.0
15,0.025466908134518674,209.0,224.0,94.0
16,0.025456757912886957,209.0,224.0,94.0
17,0.02544660769125524,209.0,224.0,94.0
18,0.025436457469623523,209.0,224.0,94.0
19,0.025426307247991806,209.0,224.0,94.0
20,0.025416157026360086,208.0,224.0,94.0
21,0.02540600680472837,208.0,224.0,94.0
22,0.025395856583096652,208.0,224.0,94.0
23,0.025385706361464935,208.0,224.0,94.0
24,0.02537555613983322,208.0,224.0,94.0
25,0.0253654059182015,208.0,224.0,94.0
26,0.025355255696569785,208.0,224.0,94.0
27,0.025345105474938068,208.0,224.0,94.0
28,0.02533495525330635,208.0,224.0,94.0
29,0.025324805031674634,208.0,224.0,94.0
30,0.025314654810042917,208.0,224.0,94.0
31,0.0253045045884112,208.0,224.0,94.0
32,0.025294354366779483,208.0,224.0,94.0
33,0.025284204145147763,208.0,224.0,94.0
34,0.025274053923516046,208.0,224.0,94.0
35,0.02526390370188433,208.0,224.0,94.0
36,0.025253753480252612,208.0,224.0,94.0
37,0.025243603258620895,208.0,224.0,94.0
38,0.02523345303698918,208.0,224.0,94.0
39,0.02522330281535746,208.0,224.0,94.0
40,0.025213152593725745,207.0,224.0,94.0
41,0.025203002372094028,207.0,224.0,94.0
42,0.02519285215046231,207.0,224.0,94.0
43,0.025182701928830594,207.0,224.0,94.0
44,0.025172551707198877,207.0,224.0,94.0
45,0.02516240148556716,207.0,224.0,94.0
46,0.02515225126393544,207.0,224.0,94.0
47,0.025142101042303723,207.0,224.0,94.0
48,0.025131950820672006,207.0,224.0,94.0
49,0.02512180059904029,207.0,224.0,94.0
50,0.025111650377408572,207.0,224.0,94.0
51,0.025101500155776856,207.0,224.0,94.0
52,0.02509134993414514,207.0,224.0,94.0
53,0.02508119971251342,207.0,224.0,94.0
54,0.025071049490881705,207.0,224.0,94.0
55,0.025060899269249988,207.0,224.0,94.0
56,0.02505074904761827,207.0,224.0,94.0
57,0.025040598825986554,207.0,224.0,94.0
58,0.025030448604354837,207.0,224.0,94.0
59,0.025020298382723117,207.0,224.0,94.0
60,0.0250101481610914,206.0,224.0,94.0
61,0.024999997939459683,206.0,224.0,94.0
62,0.024989847717827966,206.0,224.0,94.0
63,0.02497969749619625,206.0,224.0,94.0
64,0.024969547274564532,206.0,224.0,94.0
65,0.024959397052932816,206.0,224.0,94.0
66,0.0249492468313011,206.0,224.0,94.0
67,0.024939096609669382,206.0,224.0,94.0
68,0.024928946388037665,206.0,224.0,94.0
69,0.024918796166405948,206.0,224.0,94.0
70,0.02490864594477423,206.0,224.0,94.0
71,0.024898495723142514,206.0,224.0,94.0
72,0.024888345501510794,206.0,224.0,94.0
73,0.024878195279879077,206.0,224.0,94.0
74,0.02486804505824736,206.0,224.0,94.0
75,0.024857894836615643,206.0,224.0,94.0
76,0.024847744614983926,206.0,224.0,94.0
77,0.02483759439335221,206.0,224.0,94.0
78,0.024827444171720493,206.0,224.0,94.0
79,0.024817293950088776,206.0,224.0,94.0
80,0.02480714372845706,205.0,224.0,94.0
81,0.024796993506825342,205.0,224.0,94.0
82,0.024786843285193625,205.0,224.0,94.0
83,0.024776693063561908,205.0,224.0,94.0
84,0.02476654284193019,205.0,224.0,94.0
85,0.02475639262029847,205.0,224.0,94.0
86,0.024746242398666754,205.0,224.0,94.0
87,0.024736092177035037,205.0,224.0,95.0
88,0.02472594195540332,205.0,224.0,95.0
89,0.024715791733771603,205.0,224.0,95.0
90,0.024705641512139886,205.0,224.0,95.0
91,0.02469549129050817,205.0,224.0,95.0
92,0.024685341068876453,205.0,224.0,95.0
93,0.024675190847244736,205.0,224.0,95.0
94,0.02466504062561302,205.0,224.0,95.0
95,0.024654890403981302,205.0,224.0,95.0
96,0.024644740182349585,205.0,224.0,95.0
97,0.024634589960717865,205.0,224.0,95.0
98,0.024624439739086148,205.0,224.0,95.0
99,0.02461428951745443,205.0,224.0,95.0
100,0.024604139295822714,204.0,224.0,95.0
101,0.024593989074190997,204.0,224.0,95.0
102,0.02458383885255928,204.0,224.0,95.0
103,0.024573688630927563,204.0,223.0,95.0
104,0.024563538409295847,204.0,223.0,95.0
105,0.02455338818766413,204.0,223.0,95.0
106,0.024543237966032413,204.0,223.0,95.0
107,0.024533087744400696,204.0,223.0,95.0
108,0.02452293752276898,204.0,223.0,95.0
109,0.024512787301137262,204.0,223.0,95.0
110,0.024502637079505542,204.0,223.0,95.0
111,0.024492486857873825,204.0,223.0,95.0
112,0.024482336636242108,204.0,223.0,95.0
113,0.02447218641461039,204.0,223.0,95.0
114,0.024462036192978674,204.0,223.0,95.0
115,0.024451885971346957,204.0,223.0,95.0
116,0.02444173574971524,204.0,223.0,95.0
117,0.024431585528083524,204.0,223.0,95.0
118,0.024421435306451807,204.0,223.0,95.0
119,0.02441128508482009,204.0,223.0,95.0
120,0.024401134863188373,203.0,223.0,95.0
121,0.024390984641556656,203.0,223.0,95.0
122,0.02438083441992494,203.0,223.0,95.0
123,0.02437068419829322,203.0,223.0,95.0
124,0.024360533976661502,203.0,223.0,95.0
125,0.024350383755029785,203.0,223.0,95.0
126,0.024340233533398068,203.0,223.0,95.0
127,0.02433008331176635,203.0,223.0,95.0
128,0.024319933090134634,203.0,223.0,95.0
129,0.024309782868502917,203.0,223.0,95.0
130,0.0242996326468712,203.0,223.0,95.0
131,0.024289482425239484,203.0,223.0,95.0
132,0.024279332203607767,203.0,223.0,95.0
133,0.02426918198197605,203.0,223.0,95.0
134,0.024259031760344333,203.0,223.0,95.0
135,0.024248881538712616,203.0,223.0,95.0
136,0.024238731317080896,203.0,223.0,95.0
137,0.02422858109544918,203.0,223.0,95.0
138,0.024218430873817462,203.0,223.0,95.0
139,0.024208280652185745,203.0,223.0,95.0
140,0.024198130430554028,202.0,223.0,95.0
141,0.02418798020892231,202.0,223.0,95.0
142,0.024177829987290594,202.0,223.0,95.0
143,0.024167679765658878,202.0,223.0,95.0
144,0.02415752954402716,202.0,223.0,95.0
145,0.024147379322395444,202.0,223.0,95.0
146,0.024137229100763727,202.0,223.0,95.0
147,0.02412707887913201,202.0,223.0,95.0
148,0.024116928657500293,202.0,223.0,95.0
149,0.024106778435868573,202.0,223.0,95.0
150,0.024096628214236856,202.0,223.0,95.0
151,0.02408647799260514,202.0,223.0,95.0
152,0.024076327770973422,202.0,223.0,95.0
153,0.024066177549341705,202.0,223.0,95.0
154,0.02405602732770999,202.0,223.0,95.0
155,0.02404587710607827,202.0,223.0,95.0
156,0.024035726884446555,202.0,223.0,95.0
157,0.024025576662814838,202.0,223.0,95.0
158,0.02401542644118312,202.0,223.0,95.0
159,0.024005276219551404,202.0,223.0,95.0
160,0.023995125997919687,202.0,223.0,95.0
161,0.02398497577628797,201.0,223.0,95.0
162,0.02397482555465625,201.0,223.0,95.0
163,0.023964675333024533,201.0,223.0,95.0
164,0.023954525111392816,201.0,223.0,95.0
165,0.0239443748897611,201.0,223.0,95.0
166,0.023934224668129382,201.0,223.0,95.0
167,0.023924074446497665,201.0,223.0,95.0
168,0.02391392422486595,201.0,223.0,95.0
169,0.02390377400323423,201.0,223.0,95.0
170,0.023893623781602515,201.0,223.0,95.0
171,0.023883473559970798,201.0,223.0,95.0
172,0.02387332333833908,201.0,223.0,95.0
173,0.023863173116707364,201.0,223.0,95.0
174,0.023853022895075647,201.0,223.0,95.0
175,0.023842872673443927,201.0,223.0,95.0
176,0.02383272245181221,201.0,223.0,95.0
177,0.023822572230180493,201.0,223.0,95.0
178,0.023812422008548776,201.0,223.0,95.0
179,0.02380227178691706,201.0,223.0,95.0
180,0.023792121565285342,201.0,223.0,95.0
181,0.023781971343653625,200.0,223.0,95.0
182,0.02377182112202191,200.0,223.0,95.0
183,0.02376167090039019,200.0,223.0,95.0
184,0.023751520678758475,200.0,223.0,95.0
185,0.023741370457126758,200.0,223.0,95.0
186,0.02373122023549504,200.0,223.0,95.0
187,0.023721070013863324,200.0,223.0,95.0
188,0.023710919792231604,200.0,223.0,95.0
189,0.023700769570599887,200.0,223.0,95.0
190,0.02369061934896817,200.0,223.0,95.0
191,0.023680469127336453,200.0,223.0,95.0
192,0.023670318905704736,200.0,223.0,95.0
193,0.02366016868407302,200.0,223.0,95.0
194,0.023650018462441302,200.0,223.0,95.0
195,0.023639868240809585,200.0,223.0,95.0
196,0.02362971801917787,200.0,223.0,95.0
197,0.02361956779754615,200.0,223.0,95.0
198,0.023609417575914435,200.0,223.0,96.0
199,0.023599267354282718,200.0,223.0,96.0
200,0.023589117132651,200.0,223.0,96.0
201,0.02357896691101928,199.0,223.0,96.0
202,0.023568816689387564,199.0,223.0,96.0
203,0.023558666467755847,199.0,223.0,96.0
204,0.02354851624612413,199.0,223.0,96.0
205,0.023538366024492413,199.0,223.0,96.0
206,0.023528215802860696,199.0,223.0,96.0
207,0.02351806558122898,199.0,223.0,96.0
208,0.023507915359597262,199.0,223.0,96.0
209,0.023497765137965546,199.0,223.0,96.0
210,0.02348761491633383,199.0,222.0,96.0
211,0.023477464694702112,199.0,222.0,96.0
212,0.023467314473070395,199.0,222.0,96.0
213,0.023457164251438678,199.0,222.0,96.0
214,0.023447014029806958,199.0,222.0,96.0
215,0.02343686380817524,199.0,222.0,96.0
216,0.023426713586543524,199.0,222.0,96.0
217,0.023416563364911807,199.0,222.0,96.0
218,0.02340641314328009,199.0,222.0,96.0
219,0.023396262921648373,199.0,222.0,96.0
220,0.023386112700016656,199.0,222.0,96.0
221,0.02337596247838494,198.0,222.0,96.0
222,0.023365812256753223,198.0,222.0,96.0
223,0.023355662035121506,198.0,222.0,96.0
224,0.02334551181348979,198.0,222.0,96.0
225,0.023335361591858072,198.0,222.0,96.0
226,0.023325211370226355,198.0,222.0,96.0
227,0.023315061148594635,198.0,222.0,96.0
228,0.023304910926962918,198.0,222.0,96.0
229,0.0232947607053312,198.0,222.0,96.0
230,0.023284610483699484,198.0,222.0,96.0
231,0.023274460262067767,198.0,222.0,96.0
232,0.02326431004043605,198.0,222.0,96.0
233,0.023254159818804333,198.0,222.0,96.0
234,0.023244009597172616,198.0,222.0,96.0
235,0.0232338593755409,198.0,222.0,96.0
236,0.023223709153909183,198.0,222.0,96.0
237,0.023213558932277466,198.0,222.0,96.0
238,0.02320340871064575,198.0,222.0,96.0
239,0.023193258489014032,198.0,222.0,96.0
240,0.02318310826738231,198.0,222.0,96.0
241,0.023172958045750595,197.0,222.0,96.0
242,0.023162807824118878,197.0,222.0,96.0
243,0.02315265760248716,197.0,222.0,96.0
244,0.023142507380855444,197.0,222.0,96.0
245,0.023132357159223727,197.0,222.0,96.0
246,0.02312220693759201,197.0,222.0,96.0
247,0.023112056715960293,197.0,222.0,96.0
248,0.023101906494328577,197.0,222.0,96.0
249,0.02309175627269686,197.0,222.0,96.0
250,0.023081606051065143,197.0,222.0,96.0
251,0.023071455829433426,197.0,222.0,96.0
252,0.02306130560780171,197.0,222.0,96.0
253,0.02305115538616999,197.0,222.0,96.0
254,0.02304100516453827,197.0,222.0,96.0
255,0.023030854942906555,197.0,222.0,96.0
256,0.023020704721274838,197.0,222.0,96.0
257,0.02301055449964312,197.0,222.0,96.0
258,0.023000404278011404,197.0,222.0,96.0
259,0.022990254056379687,197.0,222.0,96.0
260,0.02298010383474797,197.0,222.0,96.0
261,0.022969953613116253,196.0,222.0,96.0
262,0.022959803391484537,196.0,222.0,96.0
263,0.02294965316985282,196.0,222.0,96.0
264,0.022939502948221103,196.0,222.0,96.0
265,0.022929352726589386,196.0,222.0,96.0
266,0.022919202504957666,196.0,222.0,96.0
267,0.02290905228332595,196.0,222.0,96.0
268,0.022898902061694232,196.0,222.0,96.0
269,0.022888751840062515,196.0,222.0,96.0
270,0.022878601618430798,196.0,222.0,96.0
271,0.02286845139679908,196.0,222.0,96.0
272,0.022858301175167364,196.0,222.0,96.0
273,0.022848150953535647,196.0,222.0,96.0
274,0.02283800073190393,196.0,222.0,96.0
275,0.022827850510272214,196.0,222.0,96.0
276,0.022817700288640497,196.0,222.0,96.0
277,0.02280755006700878,196.0,222.0,96.0
278,0.022797399845377063,196.0,222.0,96.0
279,0.022787249623745343,196.0,222.0,96.0
280,0.022777099402113626,196.0,222.0,96.0
281,0.02276694918048191,196.0,222.0,96.0
282,0.022756798958850192,195.0,222.0,96.0
283,0.022746648737218475,195.0,222.0,96.0
284,0.022736498515586758,195.0,222.0,96.0
285,0.02272634829395504,195.0,222.0,96.0
286,0.022716198072323324,195.0,222.0,96.0
287,0.022706047850691607,195.0,222.0,96.0
288,0.02269589762905989,195.0,222.0,96.0
289,0.022685747407428174,195.0,222.0,96.0
290,0.022675597185796457,195.0,222.0,96.0
291,0.02266544696416474,195.0,222.0,96.0
292,0.02265529674253302,195.0,222.0,96.0
293,0.022645146520901303,195.0,222.0,96.0
294,0.022634996299269586,195.0,222.0,96.0
295,0.02262484607763787,195.0,222.0,96.0
296,0.022614695856006152,195.0,222.0,96.0
297,0.022604545634374435,195.0,222.0,96.0
298,0.022594395412742718,195.0,222.0,96.0
299,0.022584245191111,195.0,222.0,96.0
300,0.022574094969479284,195.0,222.0,96.0
301,0.022563944747847568,195.0,222.0,96.0
302,0.02255379452621585,194.0,222.0,96.0
303,0.022543644304584134,194.0,222.0,96.0
304,0.022533494082952417,194.0,222.0,96.0
305,0.022523343861320697,194.0,222.0,96.0
306,0.02251319363968898,194.0,222.0,96.0
307,0.022503043418057263,194.0,222.0,96.0
308,0.022492893196425546,194.0,222.0,96.0
309,0.02248274297479383,194.0,222.0,96.0
310,0.022472592753162112,194.0,222.0,97.0
311,0.022462442531530395,194.0,222.0,97.0
312,0.02245229230989868,194.0,222.0,97.0
313,0.02244214208826696,194.0,222.0,97.0
314,0.022431991866635245,194.0,222.0,97.0
315,0.022421841645003528,194.0,222.0,97.0
316,0.02241169142337181,194.0,222.0,97.0
317,0.022401541201740094,194.0,222.0,97.0
318,0.022391390980108374,194.0,221.0,97.0
319,0.022381240758476657,194.0,221.0,97.0
320,0.02237109053684494,194.0,221.0,97.0
321,0.022360940315213223,194.0,221.0,97.0
322,0.022350790093581506,193.0,221.0,97.0
323,0.02234063987194979,193.0,221.0,97.0
324,0.022330489650318072,193.0,221.0,97.0
325,0.022320339428686355,193.0,221.0,97.0
326,0.02231018920705464,193.0,221.0,97.0
327,0.02230003898542292,193.0,221.0,97.0
328,0.022289888763791205,193.0,221.0,97.0
329,0.022279738542159488,193.0,221.0,97.0
330,0.02226958832052777,193.0,221.0,97.0
331,0.02225943809889605,193.0,221.0,97.0
332,0.022249287877264334,193.0,221.0,97.0
333,0.022239137655632617,193.0,221.0,97.0
334,0.0222289874340009,193.0,221.0,97.0
335,0.022218837212369183,193.0,221.0,97.0
336,0.022208686990737466,193.0,221.0,97.0
337,0.02219853676910575,193.0,221.0,97.0
338,0.022188386547474032,193.0,221.0,97.0
339,0.022178236325842315,193.0,221.0,97.0
340,0.0221680861042106,193.0,221.0,97.0
341,0.02215793588257888,193.0,221.0,97.0
342,0.022147785660947165,192.0,221.0,97.0
343,0.022137635439315448,192.0,221.0,97.0
344,0.022127485217683728,192.0,221.0,97.0
345,0.02211733499605201,192.0,221.0,97.0
346,0.022107184774420294,192.0,221.0,97.0
347,0.022097034552788577,192.0,221.0,97.0
348,0.02208688433115686,192.0,221.0,97.0
349,0.022076734109525143,192.0,221.0,97.0
350,0.022066583887893426,192.0,221.0,97.0
351,0.02205643366626171,192.0,221.0,97.0
352,0.022046283444629992,192.0,221.0,97.0
353,0.022036133222998276,192.0,221.0,97.0
354,0.02202598300136656,192.0,221.0,97.0
355,0.02201583277973484,192.0,221.0,97.0
356,0.022005682558103125,192.0,221.0,97.0
357,0.021995532336471404,192.0,221.0,97.0
358,0.021985382114839688,192.0,221.0,97.0
359,0.02197523189320797,192.0,221.0,97.0
360,0.021965081671576254,192.0,221.0,97.0
361,0.021954931449944537,192.0,221.0,97.0
362,0.02194478122831282,191.0,221.0,97.0
363,0.021934631006681103,191.0,221.0,97.0
364,0.021924480785049386,191.0,221.0,97.0
365,0.02191433056341767,191.0,221.0,97.0
366,0.021904180341785952,191.0,221.0,97.0
367,0.021894030120154236,191.0,221.0,97.0
368,0.02188387989852252,191.0,221.0,97.0
369,0.021873729676890802,191.0,221.0,97.0
370,0.02186357945525908,191.0,221.0,97.0
371,0.021853429233627365,191.0,221.0,97.0
372,0.021843279011995648,191.0,221.0,97.0
373,0.02183312879036393,191.0,221.0,97.0
374,0.021822978568732214,191.0,221.0,97.0
375,0.021812828347100497,191.0,221.0,97.0
376,0.02180267812546878,191.0,221.0,97.0
377,0.021792527903837063,191.0,221.0,97.0
378,0.021782377682205346,191.0,221.0,97.0
379,0.02177222746057363,191.0,221.0,97.0
380,0.021762077238941913,191.0,221.0,97.0
381,0.021751927017310196,191.0,221.0,97.0
382,0.02174177679567848,190.0,221.0,97.0
383,0.02173162657404676,190.0,221.0,97.0
384,0.02172147635241504,190.0,221.0,97.0
385,0.021711326130783325,190.0,221.0,97.0
386,0.021701175909151608,190.0,221.0,97.0
387,0.02169102568751989,190.0,221.0,97.0
388,0.021680875465888174,190.0,221.0,97.0
389,0.021670725244256457,190.0,221.0,97.0
390,0.02166057502262474,190.0,221.0,97.0
391,0.021650424800993023,190.0,221.0,97.0
392,0.021640274579361306,190.0,221.0,97.0
393,0.02163012435772959,190.0,221.0,97.0
394,0.02161997413609787,190.0,221.0,97.0
395,0.021609823914466156,190.0,221.0,97.0
396,0.021599673692834435,190.0,221.0,97.0
397,0.02158952347120272,190.0,221.0,97.0
398,0.021579373249571,190.0,221.0,97.0
399,0.021569223027939285,190.0,221.0,97.0
400,0.021559072806307568,190.0,221.0,97.0
401,0.02154892258467585,190.0,221.0,97.0
402,0.021538772363044134,189.0,221.0,97.0
403,0.021528622141412417,189.0,221.0,97.0
404,0.0215184719197807,189.0,221.0,97.0
405,0.021508321698148983,189.0,221.0,97.0
406,0.021498171476517267,189.0,221.0,97.0
407,0.021488021254885546,189.0,221.0,97.0
408,0.021477871033253833,189.0,221.0,97.0
409,0.021467720811622112,189.0,221.0,97.0
410,0.021457570589990396,189.0,221.0,97.0
411,0.02144742036835868,189.0,221.0,97.0
412,0.021437270146726962,189.0,221.0,97.0
413,0.021427119925095245,189.0,221.0,97.0
414,0.021416969703463528,189.0,221.0,97.0
415,0.02140681948183181,189.0,221.0,97.0
416,0.021396669260200094,189.0,221.0,97.0
417,0.021386519038568377,189.0,221.0,97.0
418,0.02137636881693666,189.0,221.0,97.0
419,0.021366218595304944,189.0,221.0,97.0
420,0.021356068373673223,189.0,221.0,97.0
421,0.02134591815204151,189.0,221.0,98.0
422,0.02133576793040979,189.0,221.0,98.0
423,0.021325617708778073,188.0,221.0,98.0
424,0.021315467487146356,188.0,221.0,98.0
425,0.02130531726551464,188.0,220.0,98.0
426,0.021295167043882922,188.0,220.0,98.0
427,0.021285016822251205,188.0,220.0,98.0
428,0.021274866600619488,188.0,220.0,98.0
429,0.02126471637898777,188.0,220.0,98.0
430,0.021254566157356054,188.0,220.0,98.0
431,0.021244415935724337,188.0,220.0,98.0
432,0.02123426571409262,188.0,220.0,98.0
433,0.0212241154924609,188.0,220.0,98.0
434,0.021213965270829187,188.0,220.0,98.0
435,0.021203815049197466,188.0,220.0,98.0
436,0.02119366482756575,188.0,220.0,98.0
437,0.021183514605934033,188.0,220.0,98.0
438,0.021173364384302316,188.0,220.0,98.0
439,0.0211632141626706,188.0,220.0,98.0
440,0.021153063941038882,188.0,220.0,98.0
441,0.021142913719407165,188.0,220.0,98.0
442,0.021132763497775448,188.0,220.0,98.0
443,0.02112261327614373,187.0,220.0,98.0
444,0.021112463054512014,187.0,220.0,98.0
445,0.021102312832880298,187.0,220.0,98.0
446,0.021092162611248577,187.0,220.0,98.0
447,0.021082012389616864,187.0,220.0,98.0
448,0.021071862167985143,187.0,220.0,98.0
449,0.021061711946353427,187.0,220.0,98.0
450,0.02105156172472171,187.0,220.0,98.0
451,0.021041411503089993,187.0,220.0,98.0
452,0.021031261281458276,187.0,220.0,98.0
453,0.02102111105982656,187.0,220.0,98.0
454,0.021010960838194842,187.0,220.0,98.0
455,0.021000810616563125,187.0,220.0,98.0
456,0.02099066039493141,187.0,220.0,98.0
457,0.02098051017329969,187.0,220.0,98.0
458,0.020970359951667975,187.0,220.0,98.0
459,0.020960209730036254,187.0,220.0,98.0
460,0.02095005950840454,187.0,220.0,98.0
461,0.02093990928677282,187.0,220.0,98.0
462,0.020929759065141103,187.0,220.0,98.0
463,0.020919608843509387,186.0,220.0,98.0
464,0.02090945862187767,186.0,220.0,98.0
465,0.020899308400245953,186.0,220.0,98.0
466,0.020889158178614236,186.0,220.0,98.0
467,0.02087900795698252,186.0,220.0,98.0
468,0.020868857735350802,186.0,220.0,98.0
469,0.020858707513719085,186.0,220.0,98.0
470,0.02084855729208737,186.0,220.0,98.0
471,0.02083840707045565,186.0,220.0,98.0
472,0.02082825684882393,186.0,220.0,98.0
473,0.020818106627192218,186.0,220.0,98.0
474,0.020807956405560497,186.0,220.0,98.0
475,0.02079780618392878,186.0,220.0,98.0
476,0.020787655962297064,186.0,220.0,98.0
477,0.020777505740665347,186.0,220.0,98.0
478,0.02076735551903363,186.0,220.0,98.0
479,0.020757205297401913,186.0,220.0,98.0
480,0.020747055075770196,186.0,220.0,98.0
481,0.02073690485413848,186.0,220.0,98.0
482,0.020726754632506762,186.0,220.0,98.0
483,0.020716604410875045,185.0,220.0,98.0
484,0.02070645418924333,185.0,220.0,98.0
485,0.020696303967611608,185.0,220.0,98.0
486,0.020686153745979895,185.0,220.0,98.0
487,0.020676003524348174,185.0,220.0,98.0
488,0.020665853302716457,185.0,220.0,98.0
489,0.02065570308108474,185.0,220.0,98.0
490,0.020645552859453024,185.0,220.0,98.0
491,0.020635402637821307,185.0,220.0,98.0
492,0.02062525241618959,185.0,220.0,98.0
493,0.020615102194557873,185.0,220.0,98.0
494,0.020604951972926156,185.0,220.0,98.0
495,0.02059480175129444,185.0,220.0,98.0
496,0.020584651529662722,185.0,220.0,98.0
497,0.020574501308031005,185.0,220.0,98.0
498,0.020564351086399285,185.0,220.0,98.0
499,0.02055420086476757,185.0,220.0,98.0
500,0.02054405064313585,185.0,220.0,98.0
501,0.020533900421504134,185.0,220.0,98.0
502,0.020523750199872418,185.0,220.0,98.0
503,0.0205135999782407,184.0,220.0,98.0
504,0.020503449756608984,184.0,220.0,98.0
505,0.020493299534977267,184.0,220.0,98.0
506,0.02048314931334555,184.0,220.0,98.0
507,0.020472999091713833,184.0,220.0,98.0
508,0.020462848870082116,184.0,220.0,98.0
509,0.0204526986484504,184.0,220.0,98.0
510,0.020442548426818682,184.0,220.0,98.0
511,0.020432398205186962,184.0,220.0,98.0
512,0.02042224798355525,184.0,220.0,98.0
513,0.02041209776192353,184.0,220.0,98.0
514,0.02040194754029181,184.0,220.0,98.0
515,0.020391797318660095,184.0,220.0,98.0
516,0.020381647097028378,184.0,220.0,98.0
517,0.02037149687539666,184.0,220.0,98.0
518,0.020361346653764944,184.0,220.0,98.0
519,0.020351196432133227,184.0,220.0,98.0
520,0.02034104621050151,184.0,220.0,98.0
521,0.020330895988869793,184.0,220.0,98.0
522,0.020320745767238076,184.0,220.0,98.0
523,0.02031059554560636,183.0,220.0,98.0
524,0.02030044532397464,183.0,220.0,98.0
525,0.020290295102342926,183.0,220.0,98.0
526,0.020280144880711205,183.0,220.0,98.0
527,0.02026999465907949,183.0,220.0,98.0
528,0.02025984443744777,183.0,220.0,98.0
529,0.020249694215816055,183.0,220.0,98.0
530,0.020239543994184338,183.0,220.0,98.0
531,0.02022939377255262,183.0,220.0,98.0
532,0.020219243550920904,183.0,220.0,98.0
533,0.020209093329289187,183.0,219.0,99.0
534,0.02019894310765747,183.0,219.0,99.0
535,0.020188792886025753,183.0,219.0,99.0
536,0.020178642664394036,183.0,219.0,99.0
537,0.020168492442762316,183.0,219.0,99.0
538,0.020158342221130603,183.0,219.0,99.0
539,0.020148191999498882,183.0,219.0,99.0
540,0.020138041777867165,183.0,219.0,99.0
541,0.02012789155623545,183.0,219.0,99.0
542,0.02011774133460373,183.0,219.0,99.0
543,0.020107591112972015,183.0,219.0,99.0
544,0.020097440891340298,182.0,219.0,99.0
545,0.02008729066970858,182.0,219.0,99.0
546,0.020077140448076864,182.0,219.0,99.0
547,0.020066990226445147,182.0,219.0,99.0
548,0.02005684000481343,182.0,219.0,99.0
549,0.020046689783181713,182.0,219.0,99.0
550,0.020036539561549993,182.0,219.0,99.0
551,0.02002638933991828,182.0,219.0,99.0
552,0.02001623911828656,182.0,219.0,99.0
553,0.020006088896654842,182.0,219.0,99.0
554,0.019995938675023125,182.0,219.0,99.0
555,0.01998578845339141,182.0,219.0,99.0
556,0.01997563823175969,182.0,219.0,99.0
557,0.019965488010127975,182.0,219.0,99.0
558,0.019955337788496258,182.0,219.0,99.0
559,0.01994518756686454,182.0,219.0,99.0
560,0.019935037345232824,182.0,219.0,99.0
561,0.019924887123601107,182.0,219.0,99.0
562,0.01991473690196939,182.0,219.0,99.0
563,0.01990458668033767,182.0,219.0,99.0
564,0.019894436458705957,181.0,219.0,99.0
565,0.019884286237074236,181.0,219.0,99.0
566,0.01987413601544252,181.0,219.0,99.0
567,0.019863985793810802,181.0,219.0,99.0
568,0.019853835572179086,181.0,219.0,99.0
569,0.01984368535054737,181.0,219.0,99.0
570,0.019833535128915652,181.0,219.0,99.0
571,0.019823384907283935,181.0,219.0,99.0
572,0.019813234685652218,181.0,219.0,99.0
573,0.0198030844640205,181.0,219.0,99.0
574,0.019792934242388784,181.0,219.0,99.0
575,0.019782784020757067,181.0,219.0,99.0
576,0.019772633799125347,181.0,219.0,99.0
577,0.019762483577493634,181.0,219.0,99.0
578,0.019752333355861913,181.0,219.0,99.0
579,0.019742183134230196,181.0,219.0,99.0
580,0.01973203291259848,181.0,219.0,99.0
581,0.019721882690966763,181.0,219.0,99.0
582,0.019711732469335046,181.0,219.0,99.0
583,0.01970158224770333,181.0,219.0,99.0
584,0.019691432026071612,180.0,219.0,99.0
585,0.019681281804439895,180.0,219.0,99.0
586,0.019671131582808178,180.0,219.0,99.0
587,0.01966098136117646,180.0,219.0,99.0
588,0.019650831139544744,180.0,219.0,99.0
589,0.019640680917913024,180.0,219.0,99.0
590,0.01963053069628131,180.0,219.0,99.0
591,0.01962038047464959,180.0,219.0,99.0
592,0.019610230253017873,180.0,219.0,99.0
593,0.019600080031386156,180.0,219.0,99.0
594,0.01958992980975444,180.0,219.0,99.0
595,0.019579779588122723,180.0,219.0,99.0
596,0.019569629366491006,180.0,219.0,99.0
597,0.01955947914485929,180.0,219.0,99.0
598,0.019549328923227572,180.0,219.0,99.0
599,0.019539178701595855,180.0,219.0,99.0
600,0.019529028479964138,180.0,219.0,99.0
601,0.01951887825833242,180.0,219.0,99.0
602,0.0195087280367007,180.0,219.0,99.0
603,0.019498577815068988,180.0,219.0,99.0
604,0.019488427593437267,179.0,219.0,99.0
605,0.01947827737180555,179.0,219.0,99.0
606,0.019468127150173833,179.0,219.0,99.0
607,0.019457976928542117,179.0,219.0,99.0
608,0.0194478267069104,179.0,219.0,99.0
609,0.019437676485278683,179.0,219.0,99.0
610,0.019427526263646966,179.0,219.0,99.0
611,0.01941737604201525,179.0,219.0,99.0
612,0.019407225820383532,179.0,219.0,99.0
613,0.019397075598751815,179.0,219.0,99.0
614,0.0193869253771201,179.0,219.0,99.0
615,0.019376775155488378,179.0,219.0,99.0
616,0.019366624933856665,179.0,219.0,99.0
617,0.019356474712224944,179.0,219.0,99.0
618,0.019346324490593227,179.0,219.0,99.0
619,0.01933617426896151,179.0,219.0,99.0
620,0.019326024047329794,179.0,219.0,99.0
621,0.019315873825698077,179.0,219.0,99.0
622,0.01930572360406636,179.0,219.0,99.0
623,0.019295573382434643,179.0,219.0,99.0
624,0.019285423160802926,178.0,219.0,99.0
625,0.01927527293917121,178.0,219.0,99.0
626,0.019265122717539492,178.0,219.0,99.0
627,0.019254972495907775,178.0,219.0,99.0
628,0.019244822274276055,178.0,219.0,99.0
629,0.01923467205264434,178.0,219.0,99.0
630,0.01922452183101262,178.0,219.0,99.0
631,0.019214371609380904,178.0,219.0,99.0
632,0.019204221387749187,178.0,219.0,99.0
633,0.01919407116611747,178.0,219.0,99.0
634,0.019183920944485754,178.0,219.0,99.0
635,0.019173770722854037,178.0,219.0,99.0
636,0.01916362050122232,178.0,219.0,99.0
637,0.019153470279590603,178.0,219.0,99.0
638,0.019143320057958886,178.0,219.0,99.0
639,0.01913316983632717,178.0,219.0,99.0
640,0.019123019614695452,178.0,219.0,99.0
641,0.019112869393063732,178.0,218.0,99.0
642,0.01910271917143202,178.0,218.0,99.0
643,0.019092568949800298,178.0,218.0,99.0
644,0.01908241872816858,177.0,218.0,99.0
645,0.019072268506536864,177.0,218.0,100.0
646,0.019062118284905148,177.0,218.0,100.0
647,0.01905196806327343,177.0,218.0,100.0
648,0.019041817841641714,177.0,218.0,100.0
649,0.019031667620009997,177.0,218.0,100.0
650,0.01902151739837828,177.0,218.0,100.0
651,0.019011367176746563,177.0,218.0,100.0
652,0.019001216955114846,177.0,218.0,100.0
653,0.01899106673348313,177.0,218.0,100.0
654,0.01898091651185141,177.0,218.0,100.0
655,0.018970766290219696,177.0,218.0,100.0
656,0.018960616068587975,177.0,218.0,100.0
657,0.01895046584695626,177.0,218.0,100.0
658,0.01894031562532454,177.0,218.0,100.0
659,0.018930165403692824,177.0,218.0,100.0
660,0.018920015182061108,177.0,218.0,100.0
661,0.01890986496042939,177.0,218.0,100.0
662,0.018899714738797674,177.0,218.0,100.0
663,0.018889564517165957,177.0,218.0,100.0
664,0.01887941429553424,176.0,218.0,100.0
665,0.018869264073902523,176.0,218.0,100.0
666,0.018859113852270806,176.0,218.0,100.0
667,0.018848963630639086,176.0,218.0,100.0
668,0.018838813409007373,176.0,218.0,100.0
669,0.018828663187375652,176.0,218.0,100.0
670,0.018818512965743935,176.0,218.0,100.0
671,0.01880836274411222,176.0,218.0,100.0
672,0.0187982125224805,176.0,218.0,100.0
673,0.018788062300848785,176.0,218.0,100.0
674,0.018777912079217068,176.0,218.0,100.0
675,0.01876776185758535,176.0,218.0,100.0
676,0.018757611635953634,176.0,218.0,100.0
677,0.018747461414321917,176.0,218.0,100.0
678,0.0187373111926902,176.0,218.0,100.0
679,0.018727160971058483,176.0,218.0,100.0
680,0.018717010749426763,176.0,218.0,100.0
681,0.01870686052779505,176.0,218.0,100.0
682,0.01869671030616333,176.0,218.0,100.0
683,0.018686560084531612,176.0,218.0,100.0
684,0.018676409862899895,176.0,218.0,100.0
685,0.01866625964126818,175.0,218.0,100.0
686,0.01865610941963646,175.0,218.0,100.0
687,0.018645959198004745,175.0,218.0,100.0
688,0.018635808976373028,175.0,218.0,100.0
689,0.01862565875474131,175.0,218.0,100.0
690,0.018615508533109594,175.0,218.0,100.0
691,0.018605358311477877,175.0,218.0,100.0
692,0.01859520808984616,175.0,218.0,100.0
693,0.01858505786821444,175.0,218.0,100.0
694,0.018574907646582726,175.0,218.0,100.0
695,0.018564757424951006,175.0,218.0,100.0
696,0.01855460720331929,175.0,218.0,100.0
697,0.018544456981687572,175.0,218.0,100.0
698,0.018534306760055855,175.0,218.0,100.0
699,0.01852415653842414,175.0,218.0,100.0
700,0.01851400631679242,175.0,218.0,100.0
701,0.018503856095160705,175.0,218.0,100.0
702,0.018493705873528988,175.0,218.0,100.0
703,0.01848355565189727,175.0,218.0,100.0
704,0.018473405430265554,175.0,218.0,100.0
705,0.018463255208633837,174.0,218.0,100.0
706,0.018453104987002117,174.0,218.0,100.0
707,0.018442954765370403,174.0,218.0,100.0
708,0.018432804543738683,174.0,218.0,100.0
709,0.018422654322106966,174.0,218.0,100.0
710,0.01841250410047525,174.0,218.0,100.0
711,0.018402353878843532,174.0,218.0,100.0
712,0.018392203657211816,174.0,218.0,100.0
713,0.0183820534355801,174.0,218.0,100.0
714,0.018371903213948382,174.0,218.0,100.0
715,0.018361752992316665,174.0,218.0,100.0
716,0.018351602770684948,174.0,218.0,100.0
717,0.01834145254905323,174.0,218.0,100.0
718,0.018331302327421514,174.0,218.0,100.0
719,0.018321152105789794,174.0,218.0,100.0
720,0.01831100188415808,174.0,218.0,100.0
721,0.01830085166252636,174.0,218.0,100.0
722,0.018290701440894643,174.0,218.0,100.0
723,0.018280551219262926,174.0,218.0,100.0
724,0.01827040099763121,174.0,218.0,100.0
725,0.018260250775999493,173.0,218.0,100.0
726,0.018250100554367776,173.0,218.0,100.0
727,0.01823995033273606,173.0,218.0,100.0
728,0.018229800111104342,173.0,218.0,100.0
729,0.018219649889472625,173.0,218.0,100.0
730,0.018209499667840908,173.0,218.0,100.0
731,0.01819934944620919,173.0,218.0,100.0
732,0.01818919922457747,173.0,218.0,100.0
733,0.018179049002945757,173.0,218.0,100.0
734,0.018168898781314037,173.0,218.0,100.0
735,0.01815874855968232,173.0,218.0,100.0
736,0.018148598338050603,173.0,218.0,100.0
737,0.018138448116418886,173.0,218.0,100.0
738,0.01812829789478717,173.0,218.0,100.0
739,0.018118147673155453,173.0,218.0,100.0
740,0.018107997451523736,173.0,218.0,100.0
741,0.01809784722989202,173.0,218.0,100.0
742,0.018087697008260302,173.0,218.0,100.0
743,0.018077546786628585,173.0,218.0,100.0
744,0.018067396564996868,173.0,218.0,100.0
745,0.018057246343365148,172.0,218.0,100.0
746,0.018047096121733434,172.0,218.0,100.0
747,0.018036945900101714,172.0,218.0,100.0
748,0.018026795678469997,172.0,218.0,100.0
749,0.01801664545683828,172.0,217.0,100.0
750,0.018006495235206563,172.0,217.0,100.0
751,0.017996345013574847,172.0,217.0,100.0
752,0.01798619479194313,172.0,217.0,100.0
753,0.017976044570311413,172.0,217.0,100.0
754,0.017965894348679696,172.0,217.0,100.0
755,0.01795574412704798,172.0,217.0,100.0
756,0.017945593905416262,172.0,217.0,101.0
757,0.017935443683784545,172.0,217.0,101.0
758,0.017925293462152825,172.0,217.0,101.0
759,0.01791514324052111,172.0,217.0,101.0
760,0.01790499301888939,172.0,217.0,101.0
761,0.017894842797257674,172.0,217.0,101.0
762,0.017884692575625957,172.0,217.0,101.0
763,0.01787454235399424,172.0,217.0,101.0
764,0.017864392132362523,172.0,217.0,101.0
765,0.017854241910730807,171.0,217.0,101.0
766,0.01784409168909909,171.0,217.0,101.0
767,0.017833941467467373,171.0,217.0,101.0
768,0.017823791245835656,171.0,217.0,101.0
769,0.01781364102420394,171.0,217.0,101.0
770,0.017803490802572222,171.0,217.0,101.0
771,0.017793340580940502,171.0,217.0,101.0
772,0.01778319035930879,171.0,217.0,101.0
773,0.017773040137677068,171.0,217.0,101.0
774,0.017762889916045355,171.0,217.0,101.0
775,0.017752739694413634,171.0,217.0,101.0
776,0.017742589472781917,171.0,217.0,101.0
777,0.0177324392511502,171.0,217.0,101.0
778,0.017722289029518484,171.0,217.0,101.0
779,0.017712138807886767,171.0,217.0,101.0
780,0.01770198858625505,171.0,217.0,101.0
781,0.017691838364623333,171.0,217.0,101.0
782,0.017681688142991613,171.0,217.0,101.0
783,0.0176715379213599,171.0,217.0,101.0
784,0.01766138769972818,171.0,217.0,101.0
785,0.017651237478096465,170.0,217.0,101.0
786,0.017641087256464745,170.0,217.0,101.0
787,0.01763093703483303,170.0,217.0,101.0
788,0.01762078681320131,170.0,217.0,101.0
789,0.017610636591569594,170.0,217.0,101.0
790,0.017600486369937877,170.0,217.0,101.0
791,0.01759033614830616,170.0,217.0,101.0
792,0.017580185926674444,170.0,217.0,101.0
793,0.017570035705042727,170.0,217.0,101.0
794,0.01755988548341101,170.0,217.0,101.0
795,0.01754973526177929,170.0,217.0,101.0
796,0.017539585040147576,170.0,217.0,101.0
797,0.017529434818515856,170.0,217.0,101.0
798,0.017519284596884142,170.0,217.0,101.0
799,0.017509134375252422,170.0,217.0,101.0
800,0.01749898415362071,170.0,217.0,101.0
801,0.017488833931988988,170.0,217.0,101.0
802,0.01747868371035727,170.0,217.0,101.0
803,0.017468533488725554,170.0,217.0,101.0
804,0.017458383267093838,170.0,217.0,101.0
805,0.01744823304546212,170.0,217.0,101.0
806,0.017438082823830404,169.0,217.0,101.0
807,0.017427932602198687,169.0,217.0,101.0
808,0.017417782380566967,169.0,217.0,101.0
809,0.017407632158935253,169.0,217.0,101.0
810,0.017397481937303533,169.0,217.0,101.0
811,0.01738733171567182,169.0,217.0,101.0
812,0.0173771814940401,169.0,217.0,101.0
813,0.017367031272408386,169.0,217.0,101.0
814,0.017356881050776665,169.0,217.0,101.0
815,0.01734673082914495,169.0,217.0,101.0
816,0.01733658060751323,169.0,217.0,101.0
817,0.017326430385881515,169.0,217.0,101.0
818,0.017316280164249798,169.0,217.0,101.0
819,0.01730612994261808,169.0,217.0,101.0
820,0.017295979720986364,169.0,217.0,101.0
821,0.017285829499354644,169.0,217.0,101.0
822,0.01727567927772293,169.0,217.0,101.0
823,0.01726552905609121,169.0,217.0,101.0
824,0.017255378834459496,169.0,217.0,101.0
825,0.017245228612827776,169.0,217.0,101.0
826,0.017235078391196063,168.0,217.0,101.0
827,0.017224928169564342,168.0,217.0,101.0
828,0.017214777947932625,168.0,217.0,101.0
829,0.01720462772630091,168.0,217.0,101.0
830,0.01719447750466919,168.0,217.0,101.0
831,0.017184327283037475,168.0,217.0,101.0
832,0.017174177061405758,168.0,217.0,101.0
833,0.01716402683977404,168.0,217.0,101.0
834,0.01715387661814232,168.0,217.0,101.0
835,0.017143726396510607,168.0,217.0,101.0
836,0.017133576174878887,168.0,217.0,101.0
837,0.017123425953247173,168.0,217.0,101.0
838,0.017113275731615453,168.0,217.0,101.0
839,0.01710312550998374,168.0,217.0,101.0
840,0.01709297528835202,168.0,217.0,101.0
841,0.017082825066720302,168.0,217.0,101.0
842,0.017072674845088585,168.0,217.0,101.0
843,0.01706252462345687,168.0,217.0,101.0
844,0.01705237440182515,168.0,217.0,101.0
845,0.017042224180193435,168.0,217.0,101.0
846,0.017032073958561718,167.0,217.0,101.0
847,0.017021923736929997,167.0,217.0,101.0
848,0.017011773515298284,167.0,217.0,101.0
849,0.017001623293666564,167.0,217.0,101.0
850,0.01699147307203485,167.0,217.0,101.0
851,0.01698132285040313,167.0,217.0,101.0
852,0.016971172628771417,167.0,217.0,101.0
853,0.016961022407139696,167.0,217.0,101.0
854,0.01695087218550798,167.0,217.0,101.0
855,0.016940721963876262,167.0,217.0,101.0
856,0.016930571742244546,167.0,216.0,101.0
857,0.01692042152061283,167.0,216.0,101.0
858,0.01691027129898111,167.0,216.0,101.0
859,0.016900121077349395,167.0,216.0,101.0
860,0.016889970855717674,167.0,216.0,101.0
861,0.01687982063408596,167.0,216.0,101.0
862,0.01686967041245424,167.0,216.0,101.0
863,0.016859520190822527,167.0,216.0,101.0
864,0.016849369969190807,167.0,216.0,101.0
865,0.016839219747559094,167.0,216.0,101.0
866,0.016829069525927373,166.0,216.0,101.0
867,0.016818919304295656,166.0,216.0,101.0
868,0.01680876908266394,166.0,216.0,102.0
869,0.016798618861032222,166.0,216.0,102.0
870,0.016788468639400506,166.0,216.0,102.0
871,0.01677831841776879,166.0,216.0,102.0
872,0.016768168196137072,166.0,216.0,102.0
873,0.01675801797450535,166.0,216.0,102.0
874,0.016747867752873638,166.0,216.0,102.0
875,0.016737717531241918,166.0,216.0,102.0
876,0.016727567309610204,166.0,216.0,102.0
877,0.016717417087978484,166.0,216.0,102.0
878,0.01670726686634677,166.0,216.0,102.0
879,0.01669711664471505,166.0,216.0,102.0
880,0.016686966423083333,166.0,216.0,102.0
881,0.016676816201451616,166.0,216.0,102.0
882,0.0166666659798199,166.0,216.0,102.0
883,0.016656515758188183,166.0,216.0,102.0
884,0.016646365536556466,166.0,216.0,102.0
885,0.01663621531492475,166.0,216.0,102.0
886,0.01662606509329303,165.0,216.0,102.0
887,0.016615914871661315,165.0,216.0,102.0
888,0.016605764650029595,165.0,216.0,102.0
889,0.01659561442839788,165.0,216.0,102.0
890,0.01658546420676616,165.0,216.0,102.0
891,0.016575313985134447,165.0,216.0,102.0
892,0.016565163763502727,165.0,216.0,102.0
893,0.01655501354187101,165.0,216.0,102.0
894,0.016544863320239293,165.0,216.0,102.0
895,0.016534713098607576,165.0,216.0,102.0
896,0.01652456287697586,165.0,216.0,102.0
897,0.016514412655344143,165.0,216.0,102.0
898,0.016504262433712426,165.0,216.0,102.0
899,0.016494112212080705,165.0,216.0,102.0
900,0.016483961990448992,165.0,216.0,102.0
901,0.01647381176881727,165.0,216.0,102.0
902,0.016463661547185558,165.0,216.0,102.0
903,0.016453511325553838,165.0,216.0,102.0
904,0.016443361103922124,165.0,216.0,102.0
905,0.016433210882290404,165.0,216.0,102.0
906,0.016423060660658687,164.0,216.0,102.0
907,0.01641291043902697,164.0,216.0,102.0
908,0.016402760217395253,164.0,216.0,102.0
909,0.016392609995763537,164.0,216.0,102.0
910,0.01638245977413182,164.0,216.0,102.0
911,0.016372309552500103,164.0,216.0,102.0
912,0.016362159330868382,164.0,216.0,102.0
913,0.01635200910923667,164.0,216.0,102.0
914,0.01634185888760495,164.0,216.0,102.0
915,0.016331708665973235,164.0,216.0,102.0
916,0.016321558444341515,164.0,216.0,102.0
917,0.0163114082227098,164.0,216.0,102.0
918,0.01630125800107808,164.0,216.0,102.0
919,0.016291107779446364,164.0,216.0,102.0
920,0.016280957557814647,164.0,216.0,102.0
921,0.01627080733618293,164.0,216.0,102.0
922,0.016260657114551214,164.0,216.0,102.0
923,0.016250506892919497,164.0,216.0,102.0
924,0.01624035667128778,164.0,216.0,102.0
925,0.01623020644965606,164.0,216.0,102.0
926,0.016220056228024346,163.0,216.0,102.0
927,0.016209906006392626,163.0,216.0,102.0
928,0.016199755784760912,163.0,216.0,102.0
929,0.016189605563129192,163.0,216.0,102.0
930,0.01617945534149748,163.0,216.0,102.0
931,0.016169305119865758,163.0,216.0,102.0
932,0.01615915489823404,163.0,216.0,102.0
933,0.016149004676602324,163.0,216.0,102.0
934,0.016138854454970607,163.0,216.0,102.0
935,0.01612870423333889,163.0,216.0,102.0
936,0.016118554011707174,163.0,216.0,102.0
937,0.016108403790075457,163.0,216.0,102.0
938,0.016098253568443736,163.0,216.0,102.0
939,0.016088103346812023,163.0,216.0,102.0
940,0.016077953125180303,163.0,216.0,102.0
941,0.01606780290354859,163.0,216.0,102.0
942,0.01605765268191687,163.0,216.0,102.0
943,0.016047502460285152,163.0,216.0,102.0
944,0.016037352238653435,163.0,216.0,102.0
945,0.016027202017021718,163.0,216.0,102.0
946,0.01601705179539,163.0,216.0,102.0
947,0.016006901573758284,162.0,216.0,102.0
948,0.015996751352126568,162.0,216.0,102.0
949,0.01598660113049485,162.0,216.0,102.0
950,0.015976450908863134,162.0,216.0,102.0
951,0.015966300687231413,162.0,216.0,102.0
952,0.0159561504655997,162.0,216.0,102.0
953,0.01594600024396798,162.0,216.0,102.0
954,0.015935850022336266,162.0,216.0,102.0
955,0.015925699800704546,162.0,216.0,102.0
956,0.01591554957907283,162.0,216.0,102.0
957,0.015905399357441112,162.0,216.0,102.0
958,0.015895249135809395,162.0,216.0,102.0
959,0.01588509891417768,162.0,216.0,102.0
960,0.01587494869254596,162.0,216.0,102.0
961,0.015864798470914244,162.0,216.0,102.0
962,0.015854648249282528,162.0,216.0,102.0
963,0.01584449802765081,162.0,216.0,102.0
964,0.01583434780601909,162.0,215.0,102.0
965,0.015824197584387377,162.0,215.0,102.0
966,0.015814047362755657,162.0,215.0,102.0
967,0.015803897141123943,161.0,215.0,102.0
968,0.015793746919492223,161.0,215.0,102.0
969,0.015783596697860506,161.0,215.0,102.0
970,0.01577344647622879,161.0,215.0,102.0
971,0.015763296254597072,161.0,215.0,102.0
972,0.015753146032965355,161.0,215.0,102.0
973,0.01574299581133364,161.0,215.0,102.0
974,0.01573284558970192,161.0,215.0,102.0
975,0.015722695368070205,161.0,215.0,102.0
976,0.015712545146438488,161.0,215.0,102.0
977,0.015702394924806767,161.0,215.0,102.0
978,0.015692244703175054,161.0,215.0,102.0
979,0.015682094481543334,161.0,215.0,103.0
980,0.01567194425991162,161.0,215.0,103.0
981,0.0156617940382799,161.0,215.0,103.0
982,0.015651643816648183,161.0,215.0,103.0
983,0.015641493595016466,161.0,215.0,103.0
984,0.01563134337338475,161.0,215.0,103.0
985,0.015621193151753032,161.0,215.0,103.0
986,0.015611042930121315,161.0,215.0,103.0
987,0.015600892708489598,160.0,215.0,103.0
988,0.015590742486857882,160.0,215.0,103.0
989,0.015580592265226163,160.0,215.0,103.0
990,0.015570442043594446,160.0,215.0,103.0
991,0.01556029182196273,160.0,215.0,103.0
992,0.015550141600331012,160.0,215.0,103.0
993,0.015539991378699295,160.0,215.0,103.0
994,0.015529841157067579,160.0,215.0,103.0
995,0.01551969093543586,160.0,215.0,103.0
996,0.015509540713804143,160.0,215.0,103.0
997,0.015499390492172426,160.0,215.0,103.0
998,0.01548924027054071,160.0,215.0,103.0
999,0.015479090048908992,160.0,215.0,103.0
1000,0.015468939827277275,160.0,215.0,103.0
1001,0.015458789605645559,160.0,215.0,103.0
1002,0.01544863938401384,160.0,215.0,103.0
1003,0.015438489162382123,160.0,215.0,103.0
1004,0.015428338940750406,160.0,215.0,103.0
1005,0.01541818871911869,160.0,215.0,103.0
1006,0.015408038497486972,160.0,215.0,103.0
1007,0.015397888275855256,159.0,215.0,103.0
1008,0.015387738054223537,159.0,215.0,103.0
1009,0.01537758783259182,159.0,215.0,103.0
1010,0.015367437610960103,159.0,215.0,103.0
1011,0.015357287389328386,159.0,215.0,103.0
1012,0.01534713716769667,159.0,215.0,103.0
1013,0.015336986946064952,159.0,215.0,103.0
1014,0.015326836724433236,159.0,215.0,103.0
1015,0.015316686502801517,159.0,215.0,103.0
1016,0.0153065362811698,159.0,215.0,103.0
1017,0.015296386059538083,159.0,215.0,103.0
1018,0.015286235837906366,159.0,215.0,103.0
1019,0.01527608561627465,159.0,215.0,103.0
1020,0.015265935394642932,159.0,215.0,103.0
1021,0.015255785173011214,159.0,215.0,103.0
1022,0.015245634951379497,159.0,215.0,103.0
1023,0.01523548472974778,159.0,215.0,103.0
1024,0.015225334508116063,159.0,215.0,103.0
1025,0.015215184286484346,159.0,215.0,103.0
1026,0.01520503406485263,159.0,215.0,103.0
1027,0.015194883843220913,158.0,215.0,103.0
1028,0.015184733621589194,158.0,215.0,103.0
1029,0.015174583399957477,158.0,215.0,103.0
1030,0.01516443317832576,158.0,215.0,103.0
1031,0.015154282956694043,158.0,215.0,103.0
1032,0.015144132735062326,158.0,215.0,103.0
1033,0.01513398251343061,158.0,215.0,103.0
1034,0.01512383229179889,158.0,215.0,103.0
1035,0.015113682070167174,158.0,215.0,103.0
1036,0.015103531848535457,158.0,215.0,103.0
1037,0.01509338162690374,158.0,215.0,103.0
1038,0.015083231405272023,158.0,215.0,103.0
1039,0.015073081183640306,158.0,215.0,103.0
1040,0.01506293096200859,158.0,215.0,103.0
1041,0.015052780740376871,158.0,215.0,103.0
1042,0.015042630518745154,158.0,215.0,103.0
1043,0.015032480297113437,158.0,215.0,103.0
1044,0.01502233007548172,158.0,215.0,103.0
1045,0.015012179853850003,158.0,215.0,103.0
1046,0.015002029632218286,158.0,215.0,103.0
1047,0.014991879410586568,157.0,215.0,103.0
1048,0.014981729188954851,157.0,215.0,103.0
1049,0.014971578967323134,157.0,215.0,103.0
1050,0.014961428745691417,157.0,215.0,103.0
1051,0.0149512785240597,157.0,215.0,103.0
1052,0.014941128302427983,157.0,215.0,103.0
1053,0.014930978080796267,157.0,215.0,103.0
1054,0.014920827859164548,157.0,215.0,103.0
1055,0.014910677637532831,157.0,215.0,103.0
1056,0.014900527415901114,157.0,215.0,103.0
1057,0.014890377194269397,157.0,215.0,103.0
1058,0.01488022697263768,157.0,215.0,103.0
1059,0.014870076751005963,157.0,215.0,103.0
1060,0.014859926529374245,157.0,215.0,103.0
1061,0.014849776307742528,157.0,215.0,103.0
1062,0.014839626086110811,157.0,215.0,103.0
1063,0.014829475864479094,157.0,215.0,103.0
1064,0.014819325642847377,157.0,215.0,103.0
1065,0.01480917542121566,157.0,215.0,103.0
1066,0.014799025199583943,157.0,215.0,103.0
1067,0.014788874977952225,156.0,215.0,103.0
1068,0.014778724756320508,156.0,215.0,103.0
1069,0.014768574534688791,156.0,215.0,103.0
1070,0.014758424313057074,156.0,215.0,103.0
1071,0.014748274091425357,156.0,215.0,103.0
1072,0.01473812386979364,156.0,214.0,103.0
1073,0.014727973648161922,156.0,214.0,103.0
1074,0.014717823426530205,156.0,214.0,103.0
1075,0.014707673204898488,156.0,214.0,103.0
1076,0.014697522983266771,156.0,214.0,103.0
1077,0.014687372761635054,156.0,214.0,103.0
1078,0.014677222540003337,156.0,214.0,103.0
1079,0.01466707231837162,156.0,214.0,103.0
1080,0.014656922096739902,156.0,214.0,103.0
1081,0.014646771875108185,156.0,214.0,103.0
1082,0.014636621653476468,156.0,214.0,103.0
1083,0.014626471431844751,156.0,214.0,103.0
1084,0.014616321210213034,156.0,214.0,103.0
1085,0.014606170988581317,156.0,214.0,103.0
1086,0.014596020766949599,156.0,214.0,103.0
1087,0.014585870545317882,156.0,214.0,103.0
1088,0.014575720323686165,155.0,214.0,103.0
1089,0.014565570102054448,155.0,214.0,103.0
1090,0.014555419880422731,155.0,214.0,104.0
1091,0.014545269658791014,155.0,214.0,104.0
1092,0.014535119437159297,155.0,214.0,104.0
1093,0.014524969215527579,155.0,214.0,104.0
1094,0.014514818993895862,155.0,214.0,104.0
1095,0.014504668772264145,155.0,214.0,104.0
1096,0.014494518550632428,155.0,214.0,104.0
1097,0.014484368329000711,155.0,214.0,104.0
1098,0.014474218107368994,155.0,214.0,104.0
1099,0.014464067885737276,155.0,214.0,104.0
1100,0.014453917664105559,155.0,214.0,104.0
1101,0.014443767442473842,155.0,214.0,104.0
1102,0.014433617220842125,155.0,214.0,104.0
1103,0.014423466999210408,155.0,214.0,104.0
1104,0.014413316777578691,155.0,214.0,104.0
1105,0.014403166555946974,155.0,214.0,104.0
1106,0.014393016334315256,155.0,214.0,104.0
1107,0.014382866112683539,155.0,214.0,104.0
1108,0.014372715891051822,154.0,214.0,104.0
1109,0.014362565669420105,154.0,214.0,104.0
1110,0.014352415447788388,154.0,214.0,104.0
1111,0.014342265226156671,154.0,214.0,104.0
1112,0.014332115004524953,154.0,214.0,104.0
1113,0.014321964782893236,154.0,214.0,104.0
1114,0.014311814561261519,154.0,214.0,104.0
1115,0.014301664339629802,154.0,214.0,104.0
1116,0.014291514117998085,154.0,214.0,104.0
1117,0.014281363896366368,154.0,214.0,104.0
1118,0.01427121367473465,154.0,214.0,104.0
1119,0.014261063453102933,154.0,214.0,104.0
1120,0.014250913231471216,154.0,214.0,104.0
1121,0.014240763009839499,154.0,214.0,104.0
1122,0.014230612788207782,154.0,214.0,104.0
1123,0.014220462566576065,154.0,214.0,104.0
1124,0.014210312344944348,154.0,214.0,104.0
1125,0.01420016212331263,154.0,214.0,104.0
1126,0.014190011901680913,154.0,214.0,104.0
1127,0.014179861680049196,154.0,214.0,104.0
1128,0.014169711458417479,153.0,214.0,104.0
1129,0.014159561236785762,153.0,214.0,104.0
1130,0.014149411015154045,153.0,214.0,104.0
1131,0.014139260793522327,153.0,214.0,104.0
1132,0.01412911057189061,153.0,214.0,104.0
1133,0.014118960350258893,153.0,214.0,104.0
1134,0.014108810128627176,153.0,214.0,104.0
1135,0.01409865990699546,153.0,214.0,104.0
1136,0.014088509685363742,153.0,214.0,104.0
1137,0.014078359463732025,153.0,214.0,104.0
1138,0.014068209242100307,153.0,214.0,104.0
1139,0.01405805902046859,153.0,214.0,104.0
1140,0.014047908798836873,153.0,214.0,104.0
1141,0.014037758577205156,153.0,214.0,104.0
1142,0.01402760835557344,153.0,214.0,104.0
1143,0.014017458133941722,153.0,214.0,104.0
1144,0.014007307912310004,153.0,214.0,104.0
1145,0.013997157690678287,153.0,214.0,104.0
1146,0.01398700746904657,153.0,214.0,104.0
1147,0.013976857247414853,153.0,214.0,104.0
1148,0.013966707025783136,152.0,214.0,104.0
1149,0.01395655680415142,152.0,214.0,104.0
1150,0.013946406582519702,152.0,214.0,104.0
1151,0.013936256360887984,152.0,214.0,104.0
1152,0.013926106139256267,152.0,214.0,104.0
1153,0.01391595591762455,152.0,214.0,104.0
1154,0.013905805695992833,152.0,214.0,104.0
1155,0.013895655474361116,152.0,214.0,104.0
1156,0.0138855052527294,152.0,214.0,104.0
1157,0.01387535503109768,152.0,214.0,104.0
1158,0.013865204809465964,152.0,214.0,104.0
1159,0.013855054587834247,152.0,214.0,104.0
1160,0.01384490436620253,152.0,214.0,104.0
1161,0.013834754144570813,152.0,214.0,104.0
1162,0.013824603922939096,152.0,214.0,104.0
1163,0.01381445370130738,152.0,214.0,104.0
1164,0.01380430347967566,152.0,214.0,104.0
1165,0.013794153258043944,152.0,214.0,104.0
1166,0.013784003036412227,152.0,214.0,104.0
1167,0.01377385281478051,152.0,214.0,104.0
1168,0.013763702593148793,151.0,214.0,104.0
1169,0.013753552371517076,151.0,214.0,104.0
1170,0.013743402149885358,151.0,214.0,104.0
1171,0.01373325192825364,151.0,214.0,104.0
1172,0.013723101706621924,151.0,214.0,104.0
1173,0.013712951484990207,151.0,214.0,104.0
1174,0.01370280126335849,151.0,214.0,104.0
1175,0.013692651041726773,151.0,214.0,104.0
1176,0.013682500820095056,151.0,214.0,104.0
1177,0.013672350598463338,151.0,214.0,104.0
1178,0.01366220037683162,151.0,214.0,104.0
1179,0.013652050155199904,151.0,213.0,104.0
1180,0.013641899933568187,151.0,213.0,104.0
1181,0.01363174971193647,151.0,213.0,104.0
1182,0.013621599490304753,151.0,213.0,104.0
1183,0.013611449268673035,151.0,213.0,104.0
1184,0.013601299047041318,151.0,213.0,104.0
1185,0.0135911488254096,151.0,213.0,104.0
1186,0.013580998603777884,151.0,213.0,104.0
1187,0.013570848382146167,151.0,213.0,104.0
1188,0.01356069816051445,150.0,213.0,104.0
1189,0.013550547938882733,150.0,213.0,104.0
1190,0.013540397717251015,150.0,213.0,104.0
1191,0.013530247495619298,150.0,213.0,104.0
1192,0.013520097273987581,150.0,213.0,104.0
1193,0.013509947052355864,150.0,213.0,104.0
1194,0.013499796830724147,150.0,213.0,104.0
1195,0.01348964660909243,150.0,213.0,104.0
1196,0.013479496387460712,150.0,213.0,104.0
1197,0.013469346165828995,150.0,213.0,104.0
1198,0.013459195944197278,150.0,213.0,104.0
1199,0.013449045722565561,150.0,213.0,104.0
1200,0.013438895500933844,150.0,213.0,104.0
1201,0.013428745279302127,150.0,213.0,104.0
1202,0.01341859505767041,150.0,213.0,105.0
1203,0.013408444836038692,150.0,213.0,105.0
1204,0.013398294614406975,150.0,213.0,105.0
1205,0.013388144392775258,150.0,213.0,105.0
1206,0.013377994171143541,150.0,213.0,105.0
1207,0.013367843949511824,150.0,213.0,105.0
1208,0.013357693727880107,150.0,213.0,105.0
1209,0.013347543506248389,149.0,213.0,105.0
1210,0.013337393284616672,149.0,213.0,105.0
1211,0.013327243062984955,149.0,213.0,105.0
1212,0.013317092841353238,149.0,213.0,105.0
1213,0.013306942619721521,149.0,213.0,105.0
1214,0.013296792398089804,149.0,213.0,105.0
1215,0.013286642176458087,149.0,213.0,105.0
1216,0.013276491954826369,149.0,213.0,105.0
1217,0.013266341733194652,149.0,213.0,105.0
1218,0.013256191511562935,149.0,213.0,105.0
1219,0.013246041289931218,149.0,213.0,105.0
1220,0.013235891068299501,149.0,213.0,105.0
1221,0.013225740846667784,149.0,213.0,105.0
1222,0.013215590625036066,149.0,213.0,105.0
1223,0.013205440403404349,149.0,213.0,105.0
1224,0.013195290181772632,149.0,213.0,105.0
1225,0.013185139960140915,149.0,213.0,105.0
1226,0.013174989738509198,149.0,213.0,105.0
1227,0.013164839516877481,149.0,213.0,105.0
1228,0.013154689295245764,149.0,213.0,105.0
1229,0.013144539073614046,148.0,213.0,105.0
1230,0.013134388851982329,148.0,213.0,105.0
1231,0.013124238630350612,148.0,213.0,105.0
1232,0.013114088408718895,148.0,213.0,105.0
1233,0.013103938187087178,148.0,213.0,105.0
1234,0.013093787965455461,148.0,213.0,105.0
1235,0.013083637743823743,148.0,213.0,105.0
1236,0.013073487522192026,148.0,213.0,105.0
1237,0.013063337300560309,148.0,213.0,105.0
1238,0.013053187078928592,148.0,213.0,105.0
1239,0.013043036857296875,148.0,213.0,105.0
1240,0.013032886635665158,148.0,213.0,105.0
1241,0.013022736414033441,148.0,213.0,105.0
1242,0.013012586192401723,148.0,213.0,105.0
1243,0.013002435970770006,148.0,213.0,105.0
1244,0.012992285749138289,148.0,213.0,105.0
1245,0.012982135527506572,148.0,213.0,105.0
1246,0.012971985305874855,148.0,213.0,105.0
1247,0.012961835084243138,148.0,213.0,105.0
1248,0.01295168486261142,148.0,213.0,105.0
1249,0.012941534640979703,147.0,213.0,105.0
1250,0.012931384419347986,147.0,213.0,105.0
1251,0.012921234197716269,147.0,213.0,105.0
1252,0.012911083976084552,147.0,213.0,105.0
1253,0.012900933754452835,147.0,213.0,105.0
1254,0.012890783532821118,147.0,213.0,105.0
1255,0.0128806333111894,147.0,213.0,105.0
1256,0.012870483089557683,147.0,213.0,105.0
1257,0.012860332867925966,147.0,213.0,105.0
1258,0.012850182646294249,147.0,213.0,105.0
1259,0.012840032424662532,147.0,213.0,105.0
1260,0.012829882203030815,147.0,213.0,105.0
1261,0.012819731981399097,147.0,213.0,105.0
1262,0.01280958175976738,147.0,213.0,105.0
1263,0.012799431538135663,147.0,213.0,105.0
1264,0.012789281316503946,147.0,213.0,105.0
1265,0.012779131094872229,147.0,213.0,105.0
1266,0.012768980873240512,147.0,213.0,105.0
1267,0.012758830651608795,147.0,213.0,105.0
1268,0.012748680429977077,147.0,213.0,105.0
1269,0.01273853020834536,146.0,213.0,105.0
1270,0.012728379986713643,146.0,213.0,105.0
1271,0.012718229765081926,146.0,213.0,105.0
1272,0.012708079543450209,146.0,213.0,105.0
1273,0.012697929321818492,146.0,213.0,105.0
1274,0.012687779100186774,146.0,213.0,105.0
1275,0.012677628878555057,146.0,213.0,105.0
1276,0.01266747865692334,146.0,213.0,105.0
1277,0.012657328435291623,146.0,213.0,105.0
1278,0.012647178213659906,146.0,213.0,105.0
1279,0.012637027992028189,146.0,213.0,105.0
1280,0.01262687777039647,146.0,213.0,105.0
1281,0.012616727548764754,146.0,213.0,105.0
1282,0.012606577327133037,146.0,213.0,105.0
1283,0.01259642710550132,146.0,213.0,105.0
1284,0.012586276883869603,146.0,213.0,105.0
1285,0.012576126662237886,146.0,213.0,105.0
1286,0.01256597644060617,146.0,213.0,105.0
1287,0.01255582621897445,146.0,212.0,105.0
1288,0.012545675997342734,146.0,212.0,105.0
1289,0.012535525775711017,145.0,212.0,105.0
1290,0.0125253755540793,145.0,212.0,105.0
1291,0.012515225332447583,145.0,212.0,105.0
1292,0.012505075110815866,145.0,212.0,105.0
1293,0.012494924889184147,145.0,212.0,105.0
1294,0.01248477466755243,145.0,212.0,105.0
1295,0.012474624445920714,145.0,212.0,105.0
1296,0.012464474224288997,145.0,212.0,105.0
1297,0.01245432400265728,145.0,212.0,105.0
1298,0.012444173781025563,145.0,212.0,105.0
1299,0.012434023559393846,145.0,212.0,105.0
1300,0.012423873337762128,145.0,212.0,105.0
1301,0.01241372311613041,145.0,212.0,105.0
1302,0.012403572894498694,145.0,212.0,105.0
1303,0.012393422672866977,145.0,212.0,105.0
1304,0.01238327245123526,145.0,212.0,105.0
1305,0.012373122229603543,145.0,212.0,105.0
1306,0.012362972007971824,145.0,212.0,105.0
1307,0.012352821786340108,145.0,212.0,105.0
1308,0.01234267156470839,145.0,212.0,105.0
1309,0.012332521343076674,144.0,212.0,105.0
1310,0.012322371121444957,144.0,212.0,105.0
1311,0.01231222089981324,144.0,212.0,105.0
1312,0.012302070678181523,144.0,212.0,105.0
1313,0.012291920456549804,144.0,212.0,106.0
1314,0.012281770234918088,144.0,212.0,106.0
1315,0.01227162001328637,144.0,212.0,106.0
1316,0.012261469791654654,144.0,212.0,106.0
1317,0.012251319570022937,144.0,212.0,106.0
1318,0.01224116934839122,144.0,212.0,106.0
1319,0.012231019126759501,144.0,212.0,106.0
1320,0.012220868905127785,144.0,212.0,106.0
1321,0.012210718683496068,144.0,212.0,106.0
1322,0.01220056846186435,144.0,212.0,106.0
1323,0.012190418240232634,144.0,212.0,106.0
1324,0.012180268018600917,144.0,212.0,106.0
1325,0.0121701177969692,144.0,212.0,106.0
1326,0.012159967575337481,144.0,212.0,106.0
1327,0.012149817353705765,144.0,212.0,106.0
1328,0.012139667132074048,144.0,212.0,106.0
1329,0.01212951691044233,143.0,212.0,106.0
1330,0.012119366688810614,143.0,212.0,106.0
1331,0.012109216467178897,143.0,212.0,106.0
1332,0.012099066245547178,143.0,212.0,106.0
1333,0.012088916023915462,143.0,212.0,106.0
1334,0.012078765802283745,143.0,212.0,106.0
1335,0.012068615580652028,143.0,212.0,106.0
1336,0.01205846535902031,143.0,212.0,106.0
1337,0.012048315137388594,143.0,212.0,106.0
1338,0.012038164915756877,143.0,212.0,106.0
1339,0.012028014694125158,143.0,212.0,106.0
1340,0.012017864472493442,143.0,212.0,106.0
1341,0.012007714250861725,143.0,212.0,106.0
1342,0.011997564029230008,143.0,212.0,106.0
1343,0.011987413807598291,143.0,212.0,106.0
1344,0.011977263585966574,143.0,212.0,106.0
1345,0.011967113364334855,143.0,212.0,106.0
1346,0.011956963142703139,143.0,212.0,106.0
1347,0.011946812921071422,143.0,212.0,106.0
1348,0.011936662699439705,143.0,212.0,106.0
1349,0.011926512477807988,143.0,212.0,106.0
1350,0.011916362256176271,142.0,212.0,106.0
1351,0.011906212034544554,142.0,212.0,106.0
1352,0.011896061812912835,142.0,212.0,106.0
1353,0.011885911591281119,142.0,212.0,106.0
1354,0.011875761369649402,142.0,212.0,106.0
1355,0.011865611148017685,142.0,212.0,106.0
1356,0.011855460926385968,142.0,212.0,106.0
1357,0.011845310704754251,142.0,212.0,106.0
1358,0.011835160483122532,142.0,212.0,106.0
1359,0.011825010261490815,142.0,212.0,106.0
1360,0.011814860039859099,142.0,212.0,106.0
1361,0.011804709818227382,142.0,212.0,106.0
1362,0.011794559596595665,142.0,212.0,106.0
1363,0.011784409374963948,142.0,212.0,106.0
1364,0.011774259153332231,142.0,212.0,106.0
1365,0.011764108931700512,142.0,212.0,106.0
1366,0.011753958710068796,142.0,212.0,106.0
1367,0.011743808488437079,142.0,212.0,106.0
1368,0.011733658266805362,142.0,212.0,106.0
1369,0.011723508045173645,142.0,212.0,106.0
1370,0.011713357823541928,141.0,212.0,106.0
1371,0.01170320760191021,141.0,212.0,106.0
1372,0.011693057380278492,141.0,212.0,106.0
1373,0.011682907158646776,141.0,212.0,106.0
1374,0.011672756937015059,141.0,212.0,106.0
1375,0.011662606715383342,141.0,212.0,106.0
1376,0.011652456493751625,141.0,212.0,106.0
1377,0.011642306272119908,141.0,212.0,106.0
1378,0.01163215605048819,141.0,212.0,106.0
1379,0.011622005828856473,141.0,212.0,106.0
1380,0.011611855607224756,141.0,212.0,106.0
1381,0.011601705385593039,141.0,212.0,106.0
1382,0.011591555163961322,141.0,212.0,106.0
1383,0.011581404942329605,141.0,212.0,106.0
1384,0.011571254720697886,141.0,212.0,106.0
1385,0.01156110449906617,141.0,212.0,106.0
1386,0.011550954277434453,141.0,212.0,106.0
1387,0.011540804055802736,141.0,212.0,106.0
1388,0.011530653834171019,141.0,212.0,106.0
1389,0.011520503612539302,141.0,212.0,106.0
1390,0.011510353390907585,140.0,212.0,106.0
1391,0.011500203169275866,140.0,212.0,106.0
1392,0.01149005294764415,140.0,212.0,106.0
1393,0.011479902726012433,140.0,212.0,106.0
1394,0.011469752504380716,140.0,212.0,106.0
1395,0.011459602282748999,140.0,211.0,106.0
1396,0.011449452061117282,140.0,211.0,106.0
1397,0.011439301839485563,140.0,211.0,106.0
1398,0.011429151617853846,140.0,211.0,106.0
1399,0.01141900139622213,140.0,211.0,106.0
1400,0.011408851174590413,140.0,211.0,106.0
1401,0.011398700952958696,140.0,211.0,106.0
1402,0.011388550731326979,140.0,211.0,106.0
1403,0.011378400509695262,140.0,211.0,106.0
1404,0.011368250288063543,140.0,211.0,106.0
1405,0.011358100066431826,140.0,211.0,106.0
1406,0.01134794984480011,140.0,211.0,106.0
1407,0.011337799623168393,140.0,211.0,106.0
1408,0.011327649401536676,140.0,211.0,106.0
1409,0.011317499179904959,140.0,211.0,106.0
1410,0.01130734895827324,139.0,211.0,106.0
1411,0.011297198736641523,139.0,211.0,106.0
1412,0.011287048515009807,139.0,211.0,106.0
1413,0.01127689829337809,139.0,211.0,106.0
1414,0.011266748071746373,139.0,211.0,106.0
1415,0.011256597850114656,139.0,211.0,106.0
1416,0.011246447628482939,139.0,211.0,106.0
1417,0.01123629740685122,139.0,211.0,106.0
1418,0.011226147185219503,139.0,211.0,106.0
1419,0.011215996963587787,139.0,211.0,106.0
1420,0.01120584674195607,139.0,211.0,106.0
1421,0.011195696520324353,139.0,211.0,106.0
1422,0.011185546298692636,139.0,211.0,106.0
1423,0.011175396077060917,139.0,211.0,106.0
1424,0.0111652458554292,139.0,211.0,106.0
1425,0.011155095633797484,139.0,211.0,107.0
1426,0.011144945412165767,139.0,211.0,107.0
1427,0.01113479519053405,139.0,211.0,107.0
1428,0.011124644968902333,139.0,211.0,107.0
1429,0.011114494747270616,139.0,211.0,107.0
1430,0.011104344525638897,138.0,211.0,107.0
1431,0.01109419430400718,138.0,211.0,107.0
1432,0.011084044082375464,138.0,211.0,107.0
1433,0.011073893860743747,138.0,211.0,107.0
1434,0.01106374363911203,138.0,211.0,107.0
1435,0.011053593417480313,138.0,211.0,107.0
1436,0.011043443195848594,138.0,211.0,107.0
1437,0.011033292974216877,138.0,211.0,107.0
1438,0.01102314275258516,138.0,211.0,107.0
1439,0.011012992530953444,138.0,211.0,107.0
1440,0.011002842309321727,138.0,211.0,107.0
1441,0.01099269208769001,138.0,211.0,107.0
1442,0.010982541866058293,138.0,211.0,107.0
1443,0.010972391644426574,138.0,211.0,107.0
1444,0.010962241422794857,138.0,211.0,107.0
1445,0.01095209120116314,138.0,211.0,107.0
1446,0.010941940979531424,138.0,211.0,107.0
1447,0.010931790757899707,138.0,211.0,107.0
1448,0.01092164053626799,138.0,211.0,107.0
1449,0.010911490314636271,138.0,211.0,107.0
1450,0.010901340093004554,137.0,211.0,107.0
1451,0.010891189871372838,137.0,211.0,107.0
1452,0.01088103964974112,137.0,211.0,107.0
1453,0.010870889428109404,137.0,211.0,107.0
1454,0.010860739206477687,137.0,211.0,107.0
1455,0.010850588984845968,137.0,211.0,107.0
1456,0.010840438763214251,137.0,211.0,107.0
1457,0.010830288541582534,137.0,211.0,107.0
1458,0.010820138319950818,137.0,211.0,107.0
1459,0.0108099880983191,137.0,211.0,107.0
1460,0.010799837876687384,137.0,211.0,107.0
1461,0.010789687655055667,136.0,211.0,107.0
1462,0.010779537433423948,136.0,211.0,107.0
1463,0.010769387211792231,136.0,211.0,107.0
1464,0.010759236990160514,136.0,211.0,107.0
1465,0.010749086768528798,136.0,211.0,107.0
1466,0.01073893654689708,136.0,211.0,107.0
1467,0.010728786325265364,136.0,211.0,107.0
1468,0.010718636103633645,136.0,211.0,107.0
1469,0.010708485882001928,136.0,211.0,107.0
1470,0.010698335660370211,136.0,210.0,107.0
1471,0.010688185438738495,136.0,210.0,107.0
1472,0.010678035217106778,135.0,210.0,107.0
1473,0.01066788499547506,135.0,210.0,107.0
1474,0.010657734773843344,135.0,210.0,107.0
1475,0.010647584552211625,135.0,210.0,107.0
1476,0.010637434330579908,135.0,210.0,107.0
1477,0.010627284108948191,135.0,210.0,107.0
1478,0.010617133887316475,135.0,210.0,107.0
1479,0.010606983665684758,135.0,210.0,107.0
1480,0.01059683344405304,135.0,210.0,107.0
1481,0.010586683222421322,135.0,210.0,107.0
1482,0.010576533000789605,134.0,210.0,107.0
1483,0.010566382779157888,134.0,210.0,107.0
1484,0.010556232557526172,134.0,210.0,107.0
1485,0.010546082335894455,134.0,210.0,108.0
1486,0.010535932114262738,134.0,210.0,108.0
1487,0.01052578189263102,134.0,210.0,108.0
1488,0.010515631670999302,134.0,210.0,108.0
1489,0.010505481449367585,134.0,210.0,108.0
1490,0.010495331227735868,134.0,210.0,108.0
1491,0.010485181006104152,134.0,210.0,108.0
1492,0.010475030784472435,134.0,210.0,108.0
1493,0.010464880562840718,133.0,210.0,108.0
1494,0.010454730341209,133.0,210.0,108.0
1495,0.010444580119577282,133.0,210.0,108.0
1496,0.010434429897945565,133.0,210.0,108.0
1497,0.010424279676313849,133.0,210.0,108.0
1498,0.010414129454682132,133.0,210.0,108.0
1499,0.010403979233050415,133.0,210.0,108.0
1500,0.010393829011418698,133.0,210.0,108.0
1501,0.01038367878978698,133.0,210.0,108.0
1502,0.010373528568155262,133.0,210.0,108.0
1503,0.010363378346523545,132.0,210.0,108.0
1504,0.010353228124891829,132.0,210.0,108.0
1505,0.010343077903260112,132.0,210.0,108.0
1506,0.010332927681628395,132.0,210.0,108.0
1507,0.010322777459996676,132.0,210.0,108.0
1508,0.01031262723836496,132.0,210.0,108.0
1509,0.010302477016733242,132.0,210.0,108.0
1510,0.010292326795101525,132.0,209.0,108.0
1511,0.010282176573469809,132.0,209.0,108.0
1512,0.010272026351838092,132.0,209.0,108.0
1513,0.010261876130206375,132.0,209.0,108.0
1514,0.010251725908574656,131.0,209.0,108.0
1515,0.01024157568694294,131.0,209.0,108.0
1516,0.010231425465311222,131.0,209.0,108.0
1517,0.010221275243679506,131.0,209.0,108.0
1518,0.010211125022047789,131.0,209.0,108.0
1519,0.010200974800416072,131.0,209.0,108.0
1520,0.010190824578784353,131.0,209.0,108.0
1521,0.010180674357152636,131.0,209.0,108.0
1522,0.01017052413552092,131.0,209.0,108.0
1523,0.010160373913889202,131.0,209.0,108.0
1524,0.010150223692257486,130.0,209.0,108.0
1525,0.010140073470625769,130.0,209.0,108.0
1526,0.010129923248994052,130.0,209.0,108.0
1527,0.010119773027362333,130.0,209.0,108.0
1528,0.010109622805730616,130.0,209.0,108.0
1529,0.0100994725840989,130.0,209.0,108.0
1530,0.010089322362467183,130.0,209.0,109.0
1531,0.010079172140835466,130.0,209.0,109.0
1532,0.010069021919203749,130.0,209.0,109.0
1533,0.01005887169757203,130.0,209.0,109.0
1534,0.010048721475940313,130.0,209.0,109.0
1535,0.010038571254308596,129.0,209.0,109.0
1536,0.01002842103267688,129.0,209.0,109.0
1537,0.010018270811045163,129.0,209.0,109.0
1538,0.010008120589413446,129.0,209.0,109.0
1539,0.009997970367781729,129.0,209.0,109.0
1540,0.00998782014615001,129.0,209.0,109.0
1541,0.009977669924518293,129.0,209.0,109.0
1542,0.009967519702886576,129.0,209.0,109.0
1543,0.00995736948125486,129.0,209.0,109.0
1544,0.009947219259623143,129.0,209.0,109.0
1545,0.009937069037991426,128.0,209.0,109.0
1546,0.009926918816359709,128.0,209.0,109.0
1547,0.009916768594727992,128.0,209.0,109.0
1548,0.009906618373096275,128.0,209.0,109.0
1549,0.009896468151464555,128.0,208.0,109.0
1550,0.009886317929832838,128.0,208.0,109.0
1551,0.009876167708201121,127.0,208.0,109.0
1552,0.009866017486569404,127.0,208.0,109.0
1553,0.009855867264937687,127.0,208.0,109.0
1554,0.00984571704330597,127.0,208.0,109.0
1555,0.009835566821674253,126.0,208.0,109.0
1556,0.009825416600042537,126.0,208.0,110.0
1557,0.00981526637841082,126.0,208.0,110.0
1558,0.009805116156779103,125.0,208.0,110.0
1559,0.009794965935147386,125.0,208.0,110.0
1560,0.009784815713515669,125.0,207.0,110.0
1561,0.009774665491883952,124.0,207.0,110.0
1562,0.009764515270252232,124.0,207.0,110.0
1563,0.009754365048620515,124.0,207.0,110.0
1564,0.009744214826988798,124.0,207.0,110.0
1565,0.009734064605357081,123.0,207.0,110.0
1566,0.009723914383725364,123.0,207.0,110.0
1567,0.009713764162093647,123.0,207.0,110.0
1568,0.00970361394046193,122.0,207.0,111.0
1569,0.009693463718830213,122.0,207.0,111.0
1570,0.009683313497198497,122.0,206.0,111.0
1571,0.00967316327556678,121.0,206.0,111.0
1572,0.009663013053935063,121.0,206.0,111.0
1573,0.009652862832303346,121.0,206.0,111.0
1574,0.009642712610671629,121.0,206.0,111.0
1575,0.009632562389039909,120.0,206.0,111.0
1576,0.009622412167408192,120.0,206.0,111.0
1577,0.009612261945776475,120.0,206.0,111.0
1578,0.009602111724144758,119.0,206.0,111.0
1579,0.009591961502513041,119.0,206.0,111.0
1580,0.009581811280881324,119.0,205.0,112.0
1581,0.009571661059249607,118.0,205.0,112.0
1582,0.00956151083761789,118.0,205.0,112.0
1583,0.009551360615986174,118.0,205.0,112.0
1584,0.009541210394354457,117.0,205.0,112.0
1585,0.00953106017272274,117.0,205.0,112.0
1586,0.009520909951091023,117.0,205.0,112.0
1587,0.009510759729459306,117.0,205.0,112.0
1588,0.009500609507827586,116.0,205.0,112.0
1589,0.009490459286195869,116.0,205.0,112.0
1590,0.009480309064564152,116.0,205.0,112.0
1591,0.009470158842932435,115.0,204.0,112.0
1592,0.009460008621300718,115.0,204.0,113.0
1593,0.009449858399669001,115.0,204.0,113.0
1594,0.009439708178037284,114.0,204.0,113.0
1595,0.009429557956405567,114.0,204.0,113.0
1596,0.00941940773477385,114.0,204.0,113.0
1597,0.009409257513142134,114.0,204.0,113.0
1598,0.009399107291510417,113.0,204.0,113.0
1599,0.0093889570698787,113.0,204.0,113.0
1600,0.009378806848246983,113.0,204.0,113.0
1601,0.009368656626615263,112.0,203.0,113.0
1602,0.009358506404983546,112.0,203.0,113.0
1603,0.009348356183351829,112.0,203.0,113.0
1604,0.009338205961720112,111.0,203.0,114.0
1605,0.009328055740088395,111.0,203.0,114.0
1606,0.009317905518456678,111.0,203.0,114.0
1607,0.009307755296824961,111.0,203.0,114.0
1608,0.009297605075193244,110.0,203.0,114.0
1609,0.009287454853561528,110.0,203.0,114.0
1610,0.00927730463192981,110.0,203.0,114.0
1611,0.009267154410298094,109.0,202.0,114.0
1612,0.009257004188666377,109.0,202.0,114.0
1613,0.00924685396703466,109.0,202.0,114.0
1614,0.00923670374540294,108.0,202.0,114.0
1615,0.009226553523771223,108.0,202.0,114.0
1616,0.009216403302139506,108.0,202.0,114.0
1617,0.009206253080507789,108.0,202.0,115.0
1618,0.009196102858876072,107.0,202.0,115.0
1619,0.009185952637244355,107.0,202.0,115.0
1620,0.009175802415612638,107.0,202.0,115.0
1621,0.009165652193980921,106.0,202.0,115.0
1622,0.009155501972349205,106.0,201.0,115.0
1623,0.009145351750717488,106.0,201.0,115.0
1624,0.00913520152908577,105.0,201.0,115.0
1625,0.009125051307454054,105.0,201.0,115.0
1626,0.009114901085822337,105.0,201.0,115.0
1627,0.009104750864190617,105.0,201.0,115.0
1628,0.0090946006425589,104.0,201.0,115.0
1629,0.009084450420927183,104.0,201.0,116.0
1630,0.009074300199295466,104.0,201.0,116.0
1631,0.009064149977663749,103.0,201.0,116.0
1632,0.009053999756032032,103.0,200.0,116.0
1633,0.009043849534400315,103.0,200.0,116.0
1634,0.009033699312768598,102.0,200.0,116.0
1635,0.009023549091136882,102.0,200.0,116.0
1636,0.009013398869505165,102.0,200.0,116.0
1637,0.009003248647873448,101.0,200.0,116.0
1638,0.00899309842624173,101.0,200.0,116.0
1639,0.008982948204610014,101.0,200.0,116.0
1640,0.008972797982978294,101.0,200.0,116.0
1641,0.008962647761346577,100.0,200.0,117.0
1642,0.00895249753971486,100.0,199.0,117.0
1643,0.008942347318083143,100.0,199.0,117.0
1644,0.008932197096451426,99.0,199.0,117.0
1645,0.00892204687481971,99.0,199.0,117.0
1646,0.008911896653187992,99.0,199.0,117.0
1647,0.008901746431556275,98.0,199.0,117.0
1648,0.008891596209924559,98.0,199.0,117.0
1649,0.008881445988292842,98.0,199.0,117.0
1650,0.008871295766661125,98.0,199.0,117.0
1651,0.008861145545029408,97.0,199.0,117.0
1652,0.008850995323397691,97.0,198.0,117.0
1653,0.00884084510176597,97.0,198.0,118.0
1654,0.008830694880134254,97.0,198.0,118.0
1655,0.008820544658502537,97.0,198.0,118.0
1656,0.00881039443687082,96.0,198.0,118.0
1657,0.008800244215239103,96.0,198.0,118.0
1658,0.008790093993607386,96.0,198.0,118.0
1659,0.00877994377197567,96.0,198.0,118.0
1660,0.008769793550343952,95.0,197.0,118.0
1661,0.008759643328712235,95.0,197.0,118.0
1662,0.008749493107080519,95.0,197.0,118.0
1663,0.008739342885448802,95.0,197.0,118.0
1664,0.008729192663817085,94.0,197.0,118.0
1665,0.008719042442185368,94.0,197.0,118.0
1666,0.008708892220553648,94.0,197.0,118.0
1667,0.00869874199892193,94.0,197.0,119.0
1668,0.008688591777290214,93.0,197.0,119.0
1669,0.008678441555658497,93.0,196.0,119.0
1670,0.00866829133402678,93.0,196.0,119.0
1671,0.008658141112395063,93.0,196.0,119.0
1672,0.008647990890763346,92.0,196.0,119.0
1673,0.00863784066913163,92.0,196.0,119.0
1674,0.008627690447499912,92.0,196.0,119.0
1675,0.008617540225868196,92.0,196.0,119.0
1676,0.008607390004236479,91.0,196.0,119.0
1677,0.008597239782604762,91.0,195.0,119.0
1678,0.008587089560973045,91.0,195.0,119.0
1679,0.008576939339341325,91.0,195.0,119.0
1680,0.008566789117709608,90.0,195.0,120.0
1681,0.00855663889607789,90.0,195.0,120.0
1682,0.008546488674446174,90.0,195.0,120.0
1683,0.008536338452814457,90.0,195.0,120.0
1684,0.00852618823118274,89.0,195.0,120.0
1685,0.008516038009551023,89.0,195.0,120.0
1686,0.008505887787919306,89.0,194.0,120.0
1687,0.00849573756628759,89.0,194.0,120.0
1688,0.008485587344655873,88.0,194.0,120.0
1689,0.008475437123024156,88.0,194.0,120.0
1690,0.008465286901392439,88.0,194.0,120.0
1691,0.008455136679760722,88.0,194.0,120.0
1692,0.008444986458129002,87.0,194.0,120.0
1693,0.008434836236497285,87.0,194.0,120.0
1694,0.008424686014865568,87.0,193.0,121.0
1695,0.008414535793233851,87.0,193.0,121.0
1696,0.008404385571602134,86.0,193.0,121.0
1697,0.008394235349970417,86.0,193.0,121.0
1698,0.0083840851283387,86.0,193.0,121.0
1699,0.008373934906706983,86.0,193.0,121.0
1700,0.008363784685075266,85.0,193.0,121.0
1701,0.00835363446344355,85.0,193.0,121.0
1702,0.008343484241811833,85.0,193.0,121.0
1703,0.008333334020180116,85.0,192.0,121.0
1704,0.008323183798548399,85.0,192.0,121.0
1705,0.008313033576916679,84.0,192.0,121.0
1706,0.008302883355284962,84.0,192.0,121.0
1707,0.008292733133653245,84.0,192.0,122.0
1708,0.008282582912021528,84.0,192.0,122.0
1709,0.008272432690389811,83.0,192.0,122.0
1710,0.008262282468758094,83.0,192.0,122.0
1711,0.008252132247126377,83.0,191.0,122.0
1712,0.00824198202549466,83.0,191.0,122.0
1713,0.008231831803862943,82.0,191.0,122.0
1714,0.008221681582231227,82.0,191.0,122.0
1715,0.00821153136059951,82.0,191.0,122.0
1716,0.008201381138967793,82.0,191.0,122.0
1717,0.008191230917336076,81.0,191.0,122.0
1718,0.008181080695704356,81.0,191.0,122.0
1719,0.008170930474072639,81.0,191.0,122.0
1720,0.008160780252440922,81.0,190.0,123.0
1721,0.008150630030809205,80.0,190.0,123.0
1722,0.008140479809177488,80.0,190.0,123.0
1723,0.008130329587545771,80.0,190.0,123.0
1724,0.008120179365914054,80.0,190.0,123.0
1725,0.008110029144282337,79.0,190.0,123.0
1726,0.00809987892265062,79.0,190.0,123.0
1727,0.008089728701018904,79.0,190.0,123.0
1728,0.008079578479387187,79.0,189.0,123.0
1729,0.00806942825775547,78.0,189.0,123.0
1730,0.008059278036123753,78.0,189.0,123.0
1731,0.008049127814492033,78.0,189.0,123.0
1732,0.008038977592860316,78.0,189.0,123.0
1733,0.008028827371228599,77.0,189.0,123.0
1734,0.008018677149596882,77.0,189.0,124.0
1735,0.008008526927965165,77.0,189.0,124.0
1736,0.007998376706333448,77.0,189.0,124.0
1737,0.007988226484701731,76.0,188.0,124.0
1738,0.007978076263070014,76.0,188.0,124.0
1739,0.007967926041438297,76.0,188.0,124.0
1740,0.00795777581980658,76.0,188.0,124.0
1741,0.007947625598174864,75.0,188.0,124.0
1742,0.007937475376543147,75.0,188.0,124.0
1743,0.00792732515491143,75.0,188.0,124.0
1744,0.00791717493327971,75.0,188.0,124.0
1745,0.007907024711647993,74.0,187.0,124.0
1746,0.007896874490016276,74.0,187.0,124.0
1747,0.007886724268384559,74.0,187.0,125.0
1748,0.007876574046752842,74.0,187.0,125.0
1749,0.007866423825121125,74.0,187.0,125.0
1750,0.007856273603489408,73.0,187.0,125.0
1751,0.007846123381857691,73.0,187.0,125.0
1752,0.007835973160225974,73.0,187.0,125.0
1753,0.007825822938594258,73.0,186.0,125.0
1754,0.00781567271696254,73.0,186.0,125.0
1755,0.007805522495330824,73.0,186.0,125.0
1756,0.007795372273699107,72.0,186.0,125.0
1757,0.0077852220520673865,72.0,186.0,125.0
1758,0.00777507183043567,72.0,186.0,125.0
1759,0.007764921608803953,72.0,186.0,125.0
1760,0.007754771387172236,72.0,185.0,125.0
1761,0.007744621165540519,71.0,185.0,125.0
1762,0.007734470943908802,71.0,185.0,126.0
1763,0.007724320722277085,71.0,185.0,126.0
1764,0.007714170500645368,71.0,185.0,126.0
1765,0.007704020279013651,71.0,185.0,126.0
1766,0.0076938700573819345,70.0,185.0,126.0
1767,0.007683719835750218,70.0,184.0,126.0
1768,0.007673569614118501,70.0,184.0,126.0
1769,0.007663419392486784,70.0,184.0,126.0
1770,0.0076532691708550635,70.0,184.0,126.0
1771,0.007643118949223347,69.0,184.0,126.0
1772,0.00763296872759163,69.0,184.0,126.0
1773,0.007622818505959913,69.0,184.0,126.0
1774,0.007612668284328196,69.0,184.0,126.0
1775,0.007602518062696479,69.0,183.0,126.0
1776,0.007592367841064762,68.0,183.0,126.0
1777,0.007582217619433045,68.0,183.0,127.0
1778,0.007572067397801328,68.0,183.0,127.0
1779,0.0075619171761696115,68.0,183.0,127.0
1780,0.007551766954537895,68.0,183.0,127.0
1781,0.007541616732906178,68.0,183.0,127.0
1782,0.007531466511274461,67.0,182.0,127.0
1783,0.0075213162896427405,67.0,182.0,127.0
1784,0.007511166068011024,67.0,182.0,127.0
1785,0.007501015846379307,67.0,182.0,127.0
1786,0.00749086562474759,67.0,182.0,127.0
1787,0.007480715403115873,66.0,182.0,127.0
1788,0.007470565181484156,66.0,182.0,127.0
1789,0.007460414959852439,66.0,181.0,127.0
1790,0.007450264738220722,66.0,181.0,127.0
1791,0.007440114516589005,66.0,181.0,127.0
1792,0.0074299642949572885,65.0,181.0,128.0
1793,0.007419814073325572,65.0,181.0,128.0
1794,0.007409663851693855,65.0,181.0,128.0
1795,0.007399513630062138,65.0,181.0,128.0
1796,0.0073893634084304174,65.0,181.0,128.0
1797,0.0073792131867987006,64.0,180.0,128.0
1798,0.007369062965166984,64.0,180.0,128.0
1799,0.007358912743535267,64.0,180.0,128.0
1800,0.00734876252190355,64.0,180.0,128.0
1801,0.007338612300271833,64.0,180.0,128.0
1802,0.007328462078640116,63.0,180.0,128.0
1803,0.007318311857008399,63.0,180.0,128.0
1804,0.007308161635376682,63.0,179.0,128.0
1805,0.0072980114137449655,63.0,179.0,128.0
1806,0.0072878611921132486,63.0,179.0,128.0
1807,0.007277710970481532,63.0,179.0,129.0
1808,0.007267560748849815,62.0,179.0,129.0
1809,0.007257410527218094,62.0,179.0,129.0
1810,0.0072472603055863775,62.0,179.0,129.0
1811,0.007237110083954661,62.0,178.0,129.0
1812,0.007226959862322944,62.0,178.0,129.0
1813,0.007216809640691227,61.0,178.0,129.0
1814,0.00720665941905951,61.0,178.0,129.0
1815,0.007196509197427793,61.0,178.0,129.0
1816,0.007186358975796076,61.0,178.0,129.0
1817,0.007176208754164359,61.0,178.0,129.0
1818,0.0071660585325326424,60.0,178.0,129.0
1819,0.0071559083109009256,60.0,177.0,129.0
1820,0.007145758089269209,60.0,177.0,129.0
1821,0.007135607867637492,60.0,177.0,129.0
1822,0.007125457646005771,60.0,177.0,130.0
1823,0.0071153074243740545,59.0,177.0,130.0
1824,0.007105157202742338,59.0,177.0,130.0
1825,0.007095006981110621,59.0,177.0,130.0
1826,0.007084856759478904,59.0,176.0,130.0
1827,0.007074706537847187,59.0,176.0,130.0
1828,0.00706455631621547,59.0,176.0,130.0
1829,0.007054406094583753,58.0,176.0,130.0
1830,0.007044255872952036,58.0,176.0,130.0
1831,0.007034105651320319,58.0,176.0,130.0
1832,0.0070239554296886025,58.0,176.0,130.0
1833,0.007013805208056886,58.0,175.0,130.0
1834,0.007003654986425169,57.0,175.0,130.0
1835,0.006993504764793448,57.0,175.0,130.0
1836,0.0069833545431617315,57.0,175.0,130.0
1837,0.006973204321530015,57.0,175.0,131.0
1838,0.006963054099898298,57.0,175.0,131.0
1839,0.006952903878266581,56.0,175.0,131.0
1840,0.006942753656634864,56.0,175.0,131.0
1841,0.006932603435003147,56.0,174.0,131.0
1842,0.00692245321337143,56.0,174.0,131.0
1843,0.006912302991739713,56.0,174.0,131.0
1844,0.006902152770107996,55.0,174.0,131.0
1845,0.0068920025484762795,55.0,174.0,131.0
1846,0.006881852326844563,55.0,174.0,131.0
1847,0.006871702105212846,55.0,173.0,131.0
1848,0.006861551883581125,55.0,173.0,131.0
1849,0.0068514016619494085,55.0,173.0,131.0
1850,0.006841251440317692,55.0,173.0,131.0
1851,0.006831101218685975,54.0,173.0,131.0
1852,0.006820950997054258,54.0,173.0,131.0
1853,0.006810800775422541,54.0,173.0,131.0
1854,0.006800650553790824,54.0,172.0,132.0
1855,0.006790500332159107,54.0,172.0,132.0
1856,0.00678035011052739,54.0,172.0,132.0
1857,0.006770199888895673,53.0,172.0,132.0
1858,0.0067600496672639565,53.0,172.0,132.0
1859,0.00674989944563224,53.0,172.0,132.0
1860,0.006739749224000523,53.0,171.0,132.0
1861,0.006729599002368802,53.0,171.0,132.0
1862,0.0067194487807370855,53.0,171.0,132.0
1863,0.006709298559105369,53.0,171.0,132.0
1864,0.006699148337473652,52.0,171.0,132.0
1865,0.006688998115841935,52.0,171.0,132.0
1866,0.006678847894210218,52.0,170.0,132.0
1867,0.006668697672578501,52.0,170.0,132.0
1868,0.006658547450946784,52.0,170.0,132.0
1869,0.006648397229315067,52.0,170.0,132.0
1870,0.00663824700768335,52.0,170.0,132.0
1871,0.0066280967860516335,51.0,170.0,132.0
1872,0.006617946564419917,51.0,169.0,132.0
1873,0.0066077963427882,51.0,169.0,132.0
1874,0.006597646121156479,51.0,169.0,132.0
1875,0.0065874958995247625,51.0,169.0,133.0
1876,0.006577345677893046,51.0,169.0,133.0
1877,0.006567195456261329,50.0,169.0,133.0
1878,0.006557045234629612,50.0,168.0,133.0
1879,0.006546895012997895,50.0,168.0,133.0
1880,0.006536744791366178,50.0,168.0,133.0
1881,0.006526594569734461,50.0,168.0,133.0
1882,0.006516444348102744,50.0,168.0,133.0
1883,0.006506294126471027,50.0,168.0,133.0
1884,0.0064961439048393105,49.0,168.0,133.0
1885,0.006485993683207594,49.0,167.0,133.0
1886,0.006475843461575873,49.0,167.0,133.0
1887,0.006465693239944156,49.0,167.0,133.0
1888,0.0064555430183124395,49.0,167.0,133.0
1889,0.006445392796680723,49.0,167.0,133.0
1890,0.006435242575049006,49.0,167.0,133.0
1891,0.006425092353417289,48.0,166.0,133.0
1892,0.006414942131785572,48.0,166.0,133.0
1893,0.006404791910153855,48.0,166.0,133.0
1894,0.006394641688522138,48.0,166.0,133.0
1895,0.006384491466890421,48.0,166.0,134.0
1896,0.006374341245258704,48.0,166.0,134.0
1897,0.0063641910236269875,47.0,165.0,134.0
1898,0.006354040801995271,47.0,165.0,134.0
1899,0.00634389058036355,47.0,165.0,134.0
1900,0.006333740358731833,47.0,165.0,134.0
1901,0.0063235901371001164,47.0,165.0,134.0
1902,0.0063134399154683996,47.0,165.0,134.0
1903,0.006303289693836683,47.0,164.0,134.0
1904,0.006293139472204966,46.0,164.0,134.0
1905,0.006282989250573249,46.0,164.0,134.0
1906,0.006272839028941532,46.0,164.0,134.0
1907,0.006262688807309815,46.0,164.0,134.0
1908,0.006252538585678098,46.0,164.0,134.0
1909,0.006242388364046381,46.0,164.0,134.0
1910,0.0062322381424146645,46.0,163.0,134.0
1911,0.0062220879207829476,45.0,163.0,134.0
1912,0.006211937699151227,45.0,163.0,134.0
1913,0.00620178747751951,45.0,163.0,134.0
1914,0.006191637255887793,45.0,163.0,134.0
1915,0.0061814870342560765,45.0,163.0,134.0
1916,0.00617133681262436,45.0,162.0,135.0
1917,0.006161186590992643,44.0,162.0,135.0
1918,0.006151036369360926,44.0,162.0,135.0
1919,0.006140886147729209,44.0,162.0,135.0
1920,0.006130735926097492,44.0,162.0,135.0
1921,0.006120585704465775,44.0,162.0,135.0
1922,0.006110435482834058,44.0,161.0,135.0
1923,0.0061002852612023414,44.0,161.0,135.0
1924,0.0060901350395706245,43.0,161.0,135.0
1925,0.006079984817938904,43.0,161.0,135.0
1926,0.006069834596307187,43.0,161.0,135.0
1927,0.00605968437467547,43.0,161.0,135.0
1928,0.0060495341530437535,43.0,160.0,135.0
1929,0.006039383931412037,43.0,160.0,135.0
1930,0.00602923370978032,43.0,160.0,135.0
1931,0.006019083488148603,42.0,160.0,135.0
1932,0.006008933266516886,42.0,160.0,135.0
1933,0.005998783044885169,42.0,160.0,135.0
1934,0.005988632823253452,42.0,159.0,135.0
1935,0.005978482601621735,42.0,159.0,135.0
1936,0.005968332379990018,42.0,159.0,135.0
1937,0.0059581821583583015,41.0,159.0,136.0
1938,0.005948031936726581,41.0,159.0,136.0
1939,0.005937881715094864,41.0,159.0,136.0
1940,0.005927731493463147,41.0,159.0,136.0
1941,0.0059175812718314305,41.0,158.0,136.0
1942,0.005907431050199714,41.0,158.0,136.0
1943,0.005897280828567997,41.0,158.0,136.0
1944,0.00588713060693628,40.0,158.0,136.0
1945,0.005876980385304563,40.0,158.0,136.0
1946,0.005866830163672846,40.0,157.0,136.0
1947,0.005856679942041129,40.0,157.0,136.0
1948,0.005846529720409412,40.0,157.0,136.0
1949,0.005836379498777695,40.0,157.0,136.0
1950,0.0058262292771459785,40.0,157.0,136.0
1951,0.005816079055514258,40.0,156.0,136.0
1952,0.005805928833882541,40.0,156.0,136.0
1953,0.005795778612250824,40.0,156.0,136.0
1954,0.0057856283906191075,39.0,156.0,136.0
1955,0.005775478168987391,39.0,156.0,136.0
1956,0.005765327947355674,39.0,156.0,136.0
1957,0.005755177725723957,39.0,155.0,136.0
1958,0.00574502750409224,39.0,155.0,136.0
1959,0.005734877282460523,39.0,155.0,136.0
1960,0.005724727060828806,39.0,155.0,136.0
1961,0.005714576839197089,39.0,155.0,136.0
1962,0.005704426617565372,39.0,154.0,136.0
1963,0.0056942763959336555,39.0,154.0,136.0
1964,0.005684126174301935,39.0,154.0,136.0
1965,0.005673975952670218,38.0,154.0,136.0
1966,0.005663825731038501,38.0,154.0,136.0
1967,0.0056536755094067845,38.0,153.0,136.0
1968,0.005643525287775068,38.0,153.0,136.0
1969,0.005633375066143351,38.0,153.0,136.0
1970,0.005623224844511634,38.0,153.0,136.0
1971,0.005613074622879917,38.0,153.0,137.0
1972,0.0056029244012482,38.0,152.0,137.0
1973,0.005592774179616483,38.0,152.0,137.0
1974,0.005582623957984766,38.0,152.0,137.0
1975,0.005572473736353049,37.0,152.0,137.0
1976,0.0055623235147213325,37.0,152.0,137.0
1977,0.005552173293089612,37.0,152.0,137.0
1978,0.005542023071457895,37.0,151.0,137.0
1979,0.005531872849826178,37.0,151.0,137.0
1980,0.0055217226281944615,37.0,151.0,137.0
1981,0.005511572406562745,37.0,151.0,137.0
1982,0.005501422184931028,37.0,151.0,137.0
1983,0.005491271963299311,37.0,150.0,137.0
1984,0.005481121741667594,37.0,150.0,137.0
1985,0.005470971520035877,36.0,150.0,137.0
1986,0.00546082129840416,36.0,150.0,137.0
1987,0.005450671076772443,36.0,150.0,137.0
1988,0.005440520855140726,36.0,149.0,137.0
1989,0.0054303706335090095,36.0,149.0,137.0
1990,0.005420220411877289,36.0,149.0,137.0
1991,0.005410070190245572,36.0,149.0,137.0
1992,0.005399919968613855,36.0,149.0,137.0
1993,0.0053897697469821385,36.0,148.0,137.0
1994,0.0053796195253504216,36.0,148.0,137.0
1995,0.005369469303718705,36.0,148.0,137.0
1996,0.005359319082086988,35.0,148.0,137.0
1997,0.005349168860455271,35.0,148.0,137.0
1998,0.005339018638823554,35.0,147.0,137.0
1999,0.005328868417191837,35.0,147.0,137.0
2000,0.00531871819556012,35.0,147.0,137.0
2001,0.005308567973928403,35.0,147.0,137.0
2002,0.0052984177522966865,35.0,147.0,137.0
2003,0.005288267530664966,35.0,147.0,137.0
2004,0.005278117309033249,35.0,146.0,137.0
2005,0.005267967087401532,35.0,146.0,137.0
2006,0.0052578168657698154,34.0,146.0,137.0
2007,0.0052476666441380986,34.0,146.0,137.0
2008,0.005237516422506382,34.0,146.0,137.0
2009,0.005227366200874665,34.0,145.0,137.0
2010,0.005217215979242948,34.0,145.0,137.0
2011,0.005207065757611231,34.0,145.0,137.0
2012,0.005196915535979514,34.0,145.0,138.0
2013,0.005186765314347797,34.0,145.0,138.0
2014,0.00517661509271608,34.0,144.0,138.0
2015,0.0051664648710843634,34.0,144.0,138.0
2016,0.005156314649452643,33.0,144.0,138.0
2017,0.005146164427820926,33.0,144.0,138.0
2018,0.005136014206189209,33.0,144.0,138.0
2019,0.005125863984557492,33.0,143.0,138.0
2020,0.0051157137629257755,33.0,143.0,138.0
2021,0.005105563541294059,33.0,143.0,138.0
2022,0.005095413319662342,33.0,143.0,138.0
2023,0.005085263098030625,33.0,143.0,138.0
2024,0.005075112876398908,33.0,142.0,138.0
2025,0.005064962654767191,33.0,142.0,138.0
2026,0.005054812433135474,33.0,142.0,138.0
2027,0.005044662211503757,32.0,142.0,138.0
2028,0.00503451198987204,32.0,142.0,138.0
2029,0.00502436176824032,32.0,142.0,138.0
2030,0.005014211546608603,32.0,141.0,138.0
2031,0.005004061324976886,32.0,141.0,138.0
2032,0.004993911103345169,32.0,141.0,138.0
2033,0.0049837608817134525,32.0,141.0,138.0
2034,0.004973610660081736,32.0,141.0,138.0
2035,0.004963460438450019,32.0,140.0,138.0
2036,0.004953310216818302,32.0,140.0,138.0
2037,0.004943159995186585,31.0,140.0,138.0
2038,0.004933009773554868,31.0,140.0,138.0
2039,0.004922859551923151,31.0,140.0,138.0
2040,0.004912709330291434,31.0,139.0,138.0
2041,0.004902559108659717,31.0,139.0,138.0
2042,0.004892408887027997,31.0,139.0,138.0
2043,0.00488225866539628,31.0,139.0,138.0
2044,0.004872108443764563,31.0,139.0,138.0
2045,0.004861958222132846,31.0,138.0,138.0
2046,0.0048518080005011295,31.0,138.0,138.0
2047,0.004841657778869413,31.0,138.0,138.0
2048,0.004831507557237696,31.0,138.0,138.0
2049,0.004821357335605979,31.0,137.0,138.0
2050,0.004811207113974262,30.0,137.0,138.0
2051,0.004801056892342545,30.0,137.0,138.0
2052,0.004790906670710828,30.0,137.0,138.0
2053,0.004780756449079111,30.0,137.0,138.0
2054,0.004770606227447394,30.0,136.0,138.0
2055,0.004760456005815674,30.0,136.0,138.0
2056,0.004750305784183957,30.0,136.0,138.0
2057,0.00474015556255224,30.0,136.0,138.0
2058,0.004730005340920523,30.0,135.0,138.0
2059,0.0047198551192888065,30.0,135.0,138.0
2060,0.00470970489765709,30.0,135.0,138.0
2061,0.004699554676025373,30.0,135.0,138.0
2062,0.004689404454393656,30.0,135.0,138.0
2063,0.004679254232761939,30.0,134.0,138.0
2064,0.004669104011130222,29.0,134.0,138.0
2065,0.004658953789498505,29.0,134.0,138.0
2066,0.004648803567866788,29.0,134.0,138.0
2067,0.004638653346235071,29.0,133.0,138.0
2068,0.004628503124603351,29.0,133.0,138.0
2069,0.004618352902971634,29.0,133.0,138.0
2070,0.004608202681339917,29.0,133.0,138.0
2071,0.0045980524597082,29.0,133.0,138.0
2072,0.0045879022380764835,29.0,132.0,138.0
2073,0.004577752016444767,29.0,132.0,138.0
2074,0.00456760179481305,29.0,132.0,138.0
2075,0.004557451573181333,29.0,132.0,138.0
2076,0.004547301351549616,29.0,132.0,138.0
2077,0.004537151129917899,29.0,131.0,138.0
2078,0.004527000908286182,29.0,131.0,138.0
2079,0.004516850686654465,28.0,131.0,138.0
2080,0.004506700465022748,28.0,131.0,138.0
2081,0.004496550243391028,28.0,130.0,138.0
2082,0.004486400021759311,28.0,130.0,138.0
2083,0.004476249800127594,28.0,130.0,138.0
2084,0.004466099578495877,28.0,130.0,138.0
2085,0.0044559493568641605,28.0,130.0,138.0
2086,0.004445799135232444,28.0,129.0,138.0
2087,0.004435648913600727,28.0,129.0,138.0
2088,0.00442549869196901,28.0,129.0,138.0
2089,0.004415348470337293,28.0,129.0,138.0
2090,0.004405198248705576,28.0,128.0,138.0
2091,0.004395048027073859,28.0,128.0,138.0
2092,0.004384897805442142,28.0,128.0,138.0
2093,0.004374747583810425,28.0,128.0,138.0
2094,0.004364597362178705,27.0,128.0,138.0
2095,0.004354447140546988,27.0,127.0,138.0
2096,0.004344296918915271,27.0,127.0,138.0
2097,0.004334146697283554,27.0,127.0,138.0
2098,0.0043239964756518375,27.0,127.0,138.0
2099,0.0043138462540201206,27.0,126.0,138.0
2100,0.004303696032388404,27.0,126.0,138.0
2101,0.004293545810756687,27.0,126.0,138.0
2102,0.00428339558912497,27.0,126.0,138.0
2103,0.004273245367493253,27.0,126.0,138.0
2104,0.004263095145861536,27.0,125.0,138.0
2105,0.004252944924229819,27.0,125.0,138.0
2106,0.004242794702598102,27.0,125.0,138.0
2107,0.004232644480966382,27.0,125.0,138.0
2108,0.004222494259334665,26.0,124.0,138.0
2109,0.004212344037702948,26.0,124.0,138.0
2110,0.004202193816071231,26.0,124.0,138.0
2111,0.0041920435944395144,26.0,124.0,138.0
2112,0.0041818933728077975,26.0,124.0,138.0
2113,0.004171743151176081,26.0,123.0,138.0
2114,0.004161592929544364,26.0,123.0,138.0
2115,0.004151442707912647,26.0,123.0,138.0
2116,0.00414129248628093,26.0,123.0,138.0
2117,0.004131142264649213,26.0,122.0,138.0
2118,0.004120992043017496,26.0,122.0,138.0
2119,0.004110841821385779,26.0,122.0,138.0
2120,0.004100691599754059,26.0,122.0,138.0
2121,0.004090541378122342,26.0,122.0,138.0
2122,0.004080391156490625,26.0,121.0,138.0
2123,0.004070240934858908,25.0,121.0,138.0
2124,0.004060090713227191,25.0,121.0,138.0
2125,0.0040499404915954745,25.0,121.0,138.0
2126,0.004039790269963758,25.0,120.0,138.0
2127,0.004029640048332041,25.0,120.0,138.0
2128,0.004019489826700324,25.0,120.0,138.0
2129,0.004009339605068607,25.0,120.0,138.0
2130,0.00399918938343689,25.0,120.0,138.0
2131,0.003989039161805173,25.0,119.0,138.0
2132,0.003978888940173456,25.0,119.0,138.0
2133,0.003968738718541736,25.0,119.0,138.0
2134,0.003958588496910019,25.0,119.0,138.0
2135,0.003948438275278302,25.0,118.0,138.0
2136,0.003938288053646585,25.0,118.0,138.0
2137,0.003928137832014868,25.0,118.0,138.0
2138,0.0039179876103831515,24.0,118.0,138.0
2139,0.003907837388751435,24.0,118.0,138.0
2140,0.0038976871671197177,24.0,117.0,138.0
2141,0.003887536945488001,24.0,117.0,138.0
2142,0.003877386723856284,24.0,117.0,138.0
2143,0.003867236502224567,24.0,117.0,138.0
2144,0.00385708628059285,24.0,116.0,138.0
2145,0.0038469360589611333,24.0,116.0,138.0
2146,0.003836785837329413,24.0,116.0,138.0
2147,0.003826635615697696,24.0,115.0,138.0
2148,0.003816485394065979,24.0,115.0,138.0
2149,0.0038063351724342623,24.0,115.0,138.0
2150,0.0037961849508025454,24.0,115.0,138.0
2151,0.0037860347291708285,24.0,114.0,138.0
2152,0.0037758845075391116,24.0,114.0,138.0
2153,0.0037657342859073947,24.0,114.0,137.0
2154,0.003755584064275678,24.0,114.0,137.0
2155,0.003745433842643961,24.0,113.0,137.0
2156,0.003735283621012244,24.0,113.0,137.0
2157,0.003725133399380527,24.0,113.0,137.0
2158,0.0037149831777488103,24.0,112.0,137.0
2159,0.00370483295611709,24.0,112.0,137.0
2160,0.003694682734485373,24.0,112.0,137.0
2161,0.003684532512853656,24.0,112.0,137.0
2162,0.0036743822912219393,24.0,111.0,137.0
2163,0.0036642320695902224,24.0,111.0,137.0
2164,0.0036540818479585055,24.0,111.0,137.0
2165,0.0036439316263267886,24.0,111.0,137.0
2166,0.0036337814046950717,24.0,110.0,137.0
2167,0.003623631183063355,24.0,110.0,137.0
2168,0.003613480961431638,24.0,110.0,137.0
2169,0.003603330739799921,24.0,109.0,137.0
2170,0.003593180518168204,24.0,109.0,137.0
2171,0.0035830302965364873,24.0,109.0,137.0
2172,0.003572880074904767,24.0,109.0,137.0
2173,0.00356272985327305,24.0,108.0,137.0
2174,0.003552579631641333,24.0,108.0,136.0
2175,0.0035424294100096163,24.0,108.0,136.0
2176,0.0035322791883778994,24.0,108.0,136.0
2177,0.0035221289667461825,24.0,107.0,136.0
2178,0.0035119787451144656,24.0,107.0,136.0
2179,0.0035018285234827487,24.0,107.0,136.0
2180,0.003491678301851032,24.0,107.0,136.0
2181,0.003481528080219315,24.0,106.0,136.0
2182,0.003471377858587598,24.0,106.0,136.0
2183,0.003461227636955881,24.0,106.0,136.0
2184,0.0034510774153241643,24.0,105.0,136.0
2185,0.003440927193692444,24.0,105.0,136.0
2186,0.003430776972060727,24.0,105.0,136.0
2187,0.00342062675042901,24.0,105.0,136.0
2188,0.0034104765287972932,23.0,104.0,136.0
2189,0.0034003263071655764,23.0,104.0,136.0
2190,0.0033901760855338595,23.0,104.0,136.0
2191,0.0033800258639021426,23.0,104.0,136.0
2192,0.0033698756422704257,23.0,103.0,136.0
2193,0.003359725420638709,23.0,103.0,136.0
2194,0.003349575199006992,23.0,103.0,136.0
2195,0.003339424977375275,23.0,102.0,135.0
2196,0.003329274755743558,23.0,102.0,135.0
2197,0.0033191245341118412,23.0,102.0,135.0
2198,0.003308974312480121,23.0,102.0,135.0
2199,0.003298824090848404,23.0,101.0,135.0
2200,0.003288673869216687,23.0,101.0,135.0
2201,0.0032785236475849702,23.0,101.0,135.0
2202,0.0032683734259532533,23.0,101.0,135.0
2203,0.0032582232043215364,23.0,100.0,135.0
2204,0.0032480729826898196,23.0,100.0,135.0
2205,0.0032379227610581027,23.0,100.0,135.0
2206,0.003227772539426386,23.0,99.0,135.0
2207,0.003217622317794669,23.0,99.0,135.0
2208,0.003207472096162952,23.0,99.0,135.0
2209,0.003197321874531235,23.0,99.0,135.0
2210,0.0031871716528995182,23.0,98.0,135.0
2211,0.003177021431267798,23.0,98.0,135.0
2212,0.003166871209636081,23.0,98.0,135.0
2213,0.003156720988004364,23.0,98.0,135.0
2214,0.003146570766372647,23.0,97.0,135.0
2215,0.0031364205447409303,23.0,97.0,135.0
2216,0.0031262703231092134,23.0,97.0,135.0
2217,0.0031161201014774965,23.0,96.0,134.0
2218,0.0031059698798457797,23.0,96.0,134.0
2219,0.0030958196582140628,23.0,96.0,134.0
2220,0.003085669436582346,23.0,96.0,134.0
2221,0.003075519214950629,23.0,95.0,134.0
2222,0.003065368993318912,23.0,95.0,134.0
2223,0.0030552187716871917,23.0,95.0,134.0
2224,0.003045068550055475,23.0,95.0,134.0
2225,0.003034918328423758,23.0,94.0,134.0
2226,0.003024768106792041,23.0,94.0,134.0
2227,0.003014617885160324,23.0,94.0,134.0
2228,0.0030044676635286073,23.0,93.0,134.0
2229,0.0029943174418968904,23.0,93.0,134.0
2230,0.0029841672202651735,23.0,93.0,134.0
2231,0.0029740169986334566,23.0,93.0,134.0
2232,0.0029638667770017398,23.0,92.0,134.0
2233,0.002953716555370023,23.0,92.0,134.0
2234,0.002943566333738306,23.0,92.0,134.0
2235,0.002933416112106589,23.0,92.0,134.0
2236,0.0029232658904748687,23.0,91.0,134.0
2237,0.002913115668843152,23.0,91.0,134.0
2238,0.002902965447211435,23.0,91.0,133.0
2239,0.002892815225579718,23.0,90.0,133.0
2240,0.002882665003948001,23.0,90.0,133.0
2241,0.0028725147823162843,23.0,90.0,133.0
2242,0.0028623645606845674,23.0,90.0,133.0
2243,0.0028522143390528505,23.0,89.0,133.0
2244,0.0028420641174211336,23.0,89.0,133.0
2245,0.0028319138957894167,23.0,89.0,133.0
2246,0.0028217636741577,23.0,88.0,133.0
2247,0.002811613452525983,23.0,88.0,133.0
2248,0.002801463230894266,23.0,88.0,133.0
2249,0.0027913130092625457,23.0,88.0,133.0
2250,0.002781162787630829,23.0,87.0,133.0
2251,0.002771012565999112,23.0,87.0,133.0
2252,0.002760862344367395,23.0,87.0,132.0
2253,0.002750712122735678,23.0,86.0,132.0
2254,0.0027405619011039613,23.0,86.0,132.0
2255,0.0027304116794722444,23.0,86.0,132.0
2256,0.0027202614578405275,23.0,86.0,132.0
2257,0.0027101112362088106,23.0,85.0,132.0
2258,0.0026999610145770937,23.0,85.0,132.0
2259,0.002689810792945377,23.0,85.0,132.0
2260,0.00267966057131366,23.0,84.0,132.0
2261,0.002669510349681943,23.0,84.0,132.0
2262,0.0026593601280502227,23.0,84.0,132.0
2263,0.002649209906418506,23.0,83.0,132.0
2264,0.002639059684786789,23.0,83.0,132.0
2265,0.002628909463155072,23.0,83.0,131.0
2266,0.002618759241523355,23.0,83.0,131.0
2267,0.0026086090198916383,23.0,82.0,131.0
2268,0.0025984587982599214,23.0,82.0,131.0
2269,0.0025883085766282045,23.0,82.0,131.0
2270,0.0025781583549964876,23.0,81.0,131.0
2271,0.0025680081333647707,23.0,81.0,131.0
2272,0.002557857911733054,23.0,81.0,131.0
2273,0.002547707690101337,23.0,81.0,131.0
2274,0.00253755746846962,23.0,80.0,131.0
2275,0.0025274072468378997,23.0,80.0,131.0
2276,0.002517257025206183,23.0,80.0,131.0
2277,0.002507106803574466,23.0,79.0,131.0
2278,0.002496956581942749,23.0,79.0,131.0
2279,0.002486806360311032,23.0,79.0,130.0
2280,0.0024766561386793152,23.0,79.0,130.0
2281,0.0024665059170475984,23.0,78.0,130.0
2282,0.0024563556954158815,23.0,78.0,130.0
2283,0.0024462054737841646,23.0,78.0,130.0
2284,0.0024360552521524477,23.0,77.0,130.0
2285,0.002425905030520731,23.0,77.0,130.0
2286,0.002415754808889014,23.0,77.0,130.0
2287,0.002405604587257297,23.0,77.0,130.0
2288,0.0023954543656255767,23.0,76.0,130.0
2289,0.00238530414399386,23.0,76.0,130.0
2290,0.002375153922362143,23.0,76.0,130.0
2291,0.002365003700730426,23.0,75.0,130.0
2292,0.002354853479098709,23.0,75.0,130.0
2293,0.0023447032574669922,23.0,75.0,129.0
2294,0.0023345530358352753,23.0,74.0,129.0
2295,0.0023244028142035585,23.0,74.0,129.0
2296,0.0023142525925718416,23.0,74.0,129.0
2297,0.0023041023709401247,23.0,74.0,129.0
2298,0.002293952149308408,23.0,73.0,129.0
2299,0.002283801927676691,23.0,73.0,129.0
2300,0.002273651706044974,23.0,73.0,129.0
2301,0.0022635014844132537,23.0,72.0,129.0
2302,0.0022533512627815368,23.0,72.0,129.0
2303,0.00224320104114982,23.0,72.0,129.0
2304,0.002233050819518103,23.0,72.0,129.0
2305,0.002222900597886386,23.0,71.0,129.0
2306,0.0022127503762546692,23.0,71.0,129.0
2307,0.0022026001546229523,23.0,71.0,128.0
2308,0.0021924499329912354,23.0,70.0,128.0
2309,0.0021822997113595186,23.0,70.0,128.0
2310,0.0021721494897278017,23.0,70.0,128.0
2311,0.0021619992680960848,23.0,70.0,128.0
2312,0.002151849046464368,23.0,69.0,128.0
2313,0.002141698824832651,23.0,69.0,128.0
2314,0.0021315486032009306,23.0,69.0,128.0
2315,0.0021213983815692138,23.0,68.0,128.0
2316,0.002111248159937497,23.0,68.0,128.0
2317,0.00210109793830578,23.0,68.0,128.0
2318,0.002090947716674063,23.0,68.0,128.0
2319,0.002080797495042346,23.0,67.0,128.0
2320,0.0020706472734106293,23.0,67.0,127.0
2321,0.0020604970517789124,23.0,67.0,127.0
2322,0.0020503468301471955,23.0,66.0,127.0
2323,0.0020401966085154787,23.0,66.0,127.0
2324,0.0020300463868837618,23.0,66.0,127.0
2325,0.002019896165252045,23.0,65.0,127.0
2326,0.002009745943620328,23.0,65.0,127.0
2327,0.0019995957219886076,23.0,65.0,127.0
2328,0.0019894455003568907,23.0,65.0,127.0
2329,0.001979295278725174,23.0,64.0,127.0
2330,0.001969145057093457,23.0,64.0,127.0
2331,0.00195899483546174,23.0,64.0,127.0
2332,0.0019488446138300232,23.0,63.0,127.0
2333,0.0019386943921983063,23.0,63.0,127.0
2334,0.0019285441705665894,23.0,63.0,126.0
2335,0.0019183939489348725,23.0,63.0,126.0
2336,0.0019082437273031556,23.0,62.0,126.0
2337,0.0018980935056714388,23.0,62.0,126.0
2338,0.0018879432840397219,23.0,62.0,126.0
2339,0.001877793062408005,23.0,61.0,126.0
2340,0.0018676428407762846,23.0,61.0,126.0
2341,0.0018574926191445677,23.0,61.0,126.0
2342,0.0018473423975128508,23.0,60.0,126.0
2343,0.001837192175881134,23.0,60.0,125.0
2344,0.001827041954249417,23.0,60.0,125.0
2345,0.0018168917326177002,23.0,59.0,125.0
2346,0.0018067415109859833,23.0,59.0,125.0
2347,0.0017965912893542664,23.0,59.0,125.0
2348,0.0017864410677225495,23.0,58.0,125.0
2349,0.0017762908460908326,23.0,58.0,125.0
2350,0.0017661406244591157,23.0,58.0,124.0
2351,0.0017559904028273988,23.0,57.0,124.0
2352,0.001745840181195682,23.0,57.0,124.0
2353,0.0017356899595639616,23.0,57.0,124.0
2354,0.0017255397379322447,24.0,56.0,124.0
2355,0.0017153895163005278,24.0,56.0,124.0
2356,0.001705239294668811,24.0,56.0,124.0
2357,0.001695089073037094,24.0,55.0,123.0
2358,0.0016849388514053772,24.0,55.0,123.0
2359,0.0016747886297736603,24.0,55.0,123.0
2360,0.0016646384081419434,24.0,54.0,123.0
2361,0.0016544881865102265,24.0,54.0,123.0
2362,0.0016443379648785096,24.0,54.0,123.0
2363,0.0016341877432467927,24.0,53.0,123.0
2364,0.0016240375216150758,24.0,53.0,122.0
2365,0.001613887299983359,24.0,53.0,122.0
2366,0.0016037370783516386,24.0,52.0,122.0
2367,0.0015935868567199217,24.0,52.0,122.0
2368,0.0015834366350882048,24.0,52.0,122.0
2369,0.001573286413456488,24.0,51.0,122.0
2370,0.001563136191824771,24.0,51.0,122.0
2371,0.0015529859701930541,24.0,51.0,121.0
2372,0.0015428357485613373,24.0,50.0,121.0
2373,0.0015326855269296204,24.0,50.0,121.0
2374,0.0015225353052979035,24.0,50.0,121.0
2375,0.0015123850836661866,25.0,49.0,121.0
2376,0.0015022348620344697,25.0,49.0,121.0
2377,0.0014920846404027528,25.0,49.0,121.0
2378,0.001481934418771036,25.0,48.0,121.0
2379,0.0014717841971393156,25.0,48.0,120.0
2380,0.0014616339755075987,25.0,48.0,120.0
2381,0.0014514837538758818,25.0,47.0,120.0
2382,0.001441333532244165,25.0,47.0,120.0
2383,0.001431183310612448,25.0,47.0,120.0
2384,0.0014210330889807311,25.0,46.0,120.0
2385,0.0014108828673490142,25.0,46.0,120.0
2386,0.0014007326457172974,25.0,46.0,119.0
2387,0.0013905824240855805,25.0,45.0,119.0
2388,0.0013804322024538636,25.0,45.0,119.0
2389,0.0013702819808221467,25.0,44.0,119.0
2390,0.0013601317591904298,25.0,44.0,119.0
2391,0.001349981537558713,25.0,44.0,119.0
2392,0.0013398313159269926,25.0,43.0,119.0
2393,0.0013296810942952757,25.0,43.0,118.0
2394,0.0013195308726635588,25.0,43.0,118.0
2395,0.001309380651031842,25.0,42.0,118.0
2396,0.001299230429400125,26.0,42.0,118.0
2397,0.0012890802077684081,26.0,42.0,118.0
2398,0.0012789299861366912,26.0,41.0,118.0
2399,0.0012687797645049743,26.0,41.0,118.0
2400,0.0012586295428732575,26.0,41.0,117.0
2401,0.0012484793212415406,26.0,40.0,117.0
2402,0.0012383290996098237,26.0,40.0,117.0
2403,0.0012281788779781068,26.0,40.0,117.0
2404,0.00121802865634639,26.0,39.0,117.0
2405,0.0012078784347146695,26.0,39.0,117.0
2406,0.0011977282130829527,26.0,39.0,117.0
2407,0.0011875779914512358,26.0,38.0,116.0
2408,0.0011774277698195189,26.0,38.0,116.0
2409,0.001167277548187802,26.0,38.0,116.0
2410,0.001157127326556085,26.0,37.0,116.0
2411,0.0011469771049243682,26.0,37.0,116.0
2412,0.0011368268832926513,26.0,37.0,116.0
2413,0.0011266766616609344,26.0,36.0,116.0
2414,0.0011165264400292176,26.0,36.0,116.0
2415,0.0011063762183975007,26.0,36.0,115.0
2416,0.0010962259967657838,26.0,35.0,115.0
2417,0.0010860757751340669,27.0,35.0,115.0
2418,0.0010759255535023465,27.0,35.0,115.0
2419,0.0010657753318706296,27.0,34.0,115.0
2420,0.0010556251102389128,27.0,34.0,115.0
2421,0.0010454748886071959,27.0,34.0,115.0
2422,0.001035324666975479,27.0,33.0,114.0
2423,0.001025174445343762,27.0,33.0,114.0
2424,0.0010150242237120452,27.0,33.0,114.0
2425,0.0010048740020803283,27.0,32.0,114.0
2426,0.0009947237804486114,27.0,32.0,114.0
2427,0.0009845735588168945,27.0,32.0,114.0
2428,0.0009744233371851777,27.0,31.0,114.0
2429,0.0009642731155534608,27.0,31.0,113.0
2430,0.0009541228939217439,27.0,31.0,113.0
2431,0.0009439726722900235,27.0,30.0,113.0
2432,0.0009338224506583066,27.0,30.0,113.0
2433,0.0009236722290265897,27.0,30.0,113.0
2434,0.0009135220073948729,27.0,29.0,113.0
2435,0.000903371785763156,27.0,29.0,113.0
2436,0.0008932215641314391,27.0,29.0,112.0
2437,0.0008830713424997222,27.0,28.0,112.0
2438,0.0008729211208680053,28.0,28.0,112.0
2439,0.0008627708992362884,28.0,28.0,112.0
2440,0.0008526206776045715,28.0,27.0,112.0
2441,0.0008424704559728546,28.0,27.0,112.0
2442,0.0008323202343411377,28.0,27.0,112.0
2443,0.0008221700127094209,28.0,26.0,111.0
2444,0.0008120197910777005,28.0,26.0,111.0
2445,0.0008018695694459836,28.0,26.0,111.0
2446,0.0007917193478142667,28.0,25.0,111.0
2447,0.0007815691261825498,28.0,25.0,111.0
2448,0.000771418904550833,28.0,25.0,111.0
2449,0.0007612686829191161,28.0,24.0,111.0
2450,0.0007511184612873992,28.0,24.0,111.0
2451,0.0007409682396556823,28.0,24.0,110.0
2452,0.0007308180180239654,28.0,23.0,110.0
2453,0.0007206677963922485,28.0,23.0,110.0
2454,0.0007105175747605316,28.0,23.0,110.0
2455,0.0007003673531288147,28.0,22.0,110.0
2456,0.0006902171314970978,28.0,22.0,110.0
2457,0.0006800669098653775,28.0,22.0,110.0
2458,0.0006699166882336606,28.0,21.0,109.0
2459,0.0006597664666019437,29.0,21.0,109.0
2460,0.0006496162449702268,29.0,21.0,109.0
2461,0.0006394660233385099,29.0,20.0,109.0
2462,0.000629315801706793,29.0,20.0,109.0
2463,0.0006191655800750762,29.0,20.0,109.0
2464,0.0006090153584433593,29.0,19.0,109.0
2465,0.0005988651368116424,29.0,19.0,108.0
2466,0.0005887149151799255,29.0,19.0,108.0
2467,0.0005785646935482086,29.0,18.0,108.0
2468,0.0005684144719164917,29.0,18.0,108.0
2469,0.0005582642502847748,29.0,18.0,108.0
2470,0.0005481140286530545,29.0,17.0,108.0
2471,0.0005379638070213376,29.0,17.0,108.0
2472,0.0005278135853896207,29.0,17.0,107.0
2473,0.0005176633637579038,29.0,16.0,107.0
2474,0.0005075131421261869,29.0,16.0,107.0
2475,0.00049736292049447,29.0,16.0,107.0
2476,0.00048721269886275315,29.0,15.0,107.0
2477,0.00047706247723103626,29.0,15.0,107.0
2478,0.00046691225559931937,29.0,15.0,107.0
2479,0.0004567620339676025,29.0,14.0,106.0
2480,0.0004466118123358856,30.0,14.0,106.0
2481,0.0004364615907041687,30.0,14.0,106.0
2482,0.0004263113690724518,30.0,13.0,106.0
2483,0.00041616114744073146,30.0,13.0,106.0
2484,0.00040601092580901457,30.0,12.0,106.0
2485,0.0003958607041772977,30.0,12.0,106.0
2486,0.0003857104825455808,30.0,12.0,105.0
2487,0.0003755602609138639,30.0,11.0,105.0
2488,0.000365410039282147,30.0,11.0,105.0
2489,0.00035525981765043013,30.0,11.0,105.0
2490,0.00034510959601871324,30.0,10.0,105.0
2491,0.00033495937438699636,30.0,10.0,105.0
2492,0.00032480915275527947,30.0,10.0,105.0
2493,0.0003146589311235626,30.0,9.0,105.0
2494,0.0003045087094918457,30.0,9.0,104.0
2495,0.0002943584878601288,30.0,9.0,104.0
2496,0.00028420826622840845,30.0,8.0,104.0
2497,0.00027405804459669156,30.0,8.0,104.0
2498,0.00026390782296497467,30.0,8.0,104.0
2499,0.0002537576013332578,30.0,7.0,104.0
2500,0.0002436073797015409,30.0,7.0,104.0
2501,0.000233457158069824,31.0,7.0,103.0
2502,0.00022330693643810712,31.0,6.0,103.0
2503,0.00021315671480639023,31.0,6.0,103.0
2504,0.00020300649317467334,31.0,6.0,103.0
2505,0.00019285627154295645,31.0,5.0,103.0
2506,0.00018270604991123957,31.0,5.0,103.0
2507,0.00017255582827952268,31.0,5.0,103.0
2508,0.0001624056066478058,31.0,4.0,102.0
2509,0.00015225538501608543,31.0,4.0,102.0
2510,0.00014210516338436854,31.0,4.0,102.0
2511,0.00013195494175265166,31.0,3.0,102.0
2512,0.00012180472012093477,31.0,3.0,102.0
2513,0.00011165449848921788,31.0,3.0,102.0
